Site,Country,Loca,Plot,Repe,BLK,Entry,YLD,AD,SD,PH,EH,rEPH,rEPP,nP
3,Mexico,Cotaxtla,1,1,1,21,7,54,55,280,150,0.54,0.9,58
3,Mexico,Cotaxtla,2,1,1,22,8.39,51,52,270,140,0.52,1,58
3,Mexico,Cotaxtla,3,1,1,32,6.85,52,53,265,140,0.53,0.9,54
3,Mexico,Cotaxtla,4,1,1,11,8.09,53,54,275,140,0.51,1,53
3,Mexico,Cotaxtla,5,1,2,4,6.86,51,52,260,125,0.48,0.9,58
3,Mexico,Cotaxtla,6,1,2,29,6.45,51,52,275,130,0.47,0.9,57
3,Mexico,Cotaxtla,7,1,2,9,6.07,54,55,225,110,0.49,0.8,59
3,Mexico,Cotaxtla,8,1,2,16,6.41,55,56,270,135,0.5,1,56
3,Mexico,Cotaxtla,9,1,3,14,3.11,58,59,225,95,0.42,0.7,53
3,Mexico,Cotaxtla,10,1,3,13,7.97,53,54,280,135,0.48,0.9,58
3,Mexico,Cotaxtla,11,1,3,26,8.17,51,52,285,140,0.49,1,58
3,Mexico,Cotaxtla,12,1,3,1,7.49,52,53,270,140,0.52,1,57
3,Mexico,Cotaxtla,13,1,4,12,7.12,53,54,260,135,0.52,1,57
3,Mexico,Cotaxtla,14,1,4,15,7.12,52,53,260,135,0.52,0.9,59
3,Mexico,Cotaxtla,15,1,4,24,7.11,52,53,245,120,0.49,1,55
3,Mexico,Cotaxtla,16,1,4,7,6.43,48,49,260,130,0.5,0.9,56
3,Mexico,Cotaxtla,17,1,5,2,7.92,48,49,260,135,0.52,1,57
3,Mexico,Cotaxtla,18,1,5,19,1.93,54,55,235,110,0.47,0.7,58
3,Mexico,Cotaxtla,19,1,5,17,8.92,51,52,265,140,0.53,1,55
3,Mexico,Cotaxtla,20,1,5,6,6.15,52,53,275,150,0.55,0.9,54
3,Mexico,Cotaxtla,21,1,6,5,7.44,52,53,295,155,0.53,1,54
3,Mexico,Cotaxtla,22,1,6,8,8.05,52,53,260,135,0.52,1,57
3,Mexico,Cotaxtla,23,1,6,28,7.78,54,55,275,140,0.51,1,57
3,Mexico,Cotaxtla,24,1,6,25,6.43,54,55,260,135,0.52,1,54
3,Mexico,Cotaxtla,25,1,7,3,8.59,50,51,290,155,0.53,1,56
3,Mexico,Cotaxtla,26,1,7,27,7.91,51,52,275,155,0.56,0.9,57
3,Mexico,Cotaxtla,27,1,7,31,7.27,52,53,290,155,0.53,0.9,58
3,Mexico,Cotaxtla,28,1,7,30,4.93,51,52,260,140,0.54,0.7,59
3,Mexico,Cotaxtla,29,1,8,18,8.22,51,52,285,150,0.53,0.9,57
3,Mexico,Cotaxtla,30,1,8,23,2.49,55,56,245,120,0.49,0.7,58
3,Mexico,Cotaxtla,31,1,8,20,7.98,52,53,260,135,0.52,1,54
3,Mexico,Cotaxtla,32,1,8,10,7.09,55,56,265,140,0.53,0.9,57
3,Mexico,Cotaxtla,33,2,9,27,7.17,50,51,285,145,0.51,0.9,57
3,Mexico,Cotaxtla,34,2,9,21,4.99,55,56,275,150,0.55,0.9,54
3,Mexico,Cotaxtla,35,2,9,20,6.69,52,53,285,150,0.53,1,58
3,Mexico,Cotaxtla,36,2,9,17,8.16,52,53,265,155,0.58,0.9,58
3,Mexico,Cotaxtla,37,2,10,28,6.27,53,54,275,140,0.51,0.9,56
3,Mexico,Cotaxtla,38,2,10,4,6.81,52,53,265,155,0.58,1,59
3,Mexico,Cotaxtla,39,2,10,22,7.49,52,53,245,150,0.61,0.9,57
3,Mexico,Cotaxtla,40,2,10,14,2.86,56,57,250,115,0.46,0.9,55
3,Mexico,Cotaxtla,41,2,11,1,6.8,51,52,255,120,0.47,0.9,55
3,Mexico,Cotaxtla,42,2,11,18,6.35,51,52,260,145,0.56,0.9,57
3,Mexico,Cotaxtla,43,2,11,5,7.25,51,52,290,165,0.57,0.9,57
3,Mexico,Cotaxtla,44,2,11,24,7.2,52,53,245,130,0.53,1.1,55
3,Mexico,Cotaxtla,45,2,12,30,5.41,49,50,255,130,0.51,0.8,56
3,Mexico,Cotaxtla,46,2,12,26,7.82,51,52,260,140,0.54,1,56
3,Mexico,Cotaxtla,47,2,12,32,6.79,51,52,280,145,0.52,0.8,56
3,Mexico,Cotaxtla,48,2,12,15,8.09,51,52,255,135,0.53,1,57
3,Mexico,Cotaxtla,49,2,13,8,8.84,51,52,290,145,0.5,1,58
3,Mexico,Cotaxtla,50,2,13,12,6.24,53,54,260,145,0.56,1,59
3,Mexico,Cotaxtla,51,2,13,11,7.71,53,54,290,165,0.57,1,57
3,Mexico,Cotaxtla,52,2,13,6,5.8,53,54,260,140,0.54,0.8,56
3,Mexico,Cotaxtla,53,2,14,3,8.04,51,52,265,140,0.53,1,53
3,Mexico,Cotaxtla,54,2,14,19,1.35,55,56,225,115,0.51,0.5,53
3,Mexico,Cotaxtla,55,2,14,9,6.16,53,54,255,120,0.47,0.9,59
3,Mexico,Cotaxtla,56,2,14,13,7.01,54,55,285,145,0.51,0.9,60
3,Mexico,Cotaxtla,57,2,15,29,6.5,51,52,265,140,0.53,1,54
3,Mexico,Cotaxtla,58,2,15,25,5.14,53,54,280,155,0.55,0.9,58
3,Mexico,Cotaxtla,59,2,15,23,2.15,55,56,225,110,0.49,0.7,59
3,Mexico,Cotaxtla,60,2,15,31,6.84,52,53,265,150,0.57,0.8,57
3,Mexico,Cotaxtla,61,2,16,10,6.53,54,55,290,145,0.5,1,57
3,Mexico,Cotaxtla,62,2,16,16,4.77,56,57,275,145,0.53,1,57
3,Mexico,Cotaxtla,63,2,16,7,6.65,50,51,290,165,0.57,0.9,56
3,Mexico,Cotaxtla,64,2,16,2,6.31,50,51,275,150,0.55,0.9,55
3,Mexico,Cotaxtla,65,3,17,5,7.69,51,52,285,150,0.53,0.9,57
3,Mexico,Cotaxtla,66,3,17,30,5.86,51,52,250,140,0.56,0.9,54
3,Mexico,Cotaxtla,67,3,17,23,3.15,53,54,245,120,0.49,0.8,52
3,Mexico,Cotaxtla,68,3,17,19,2.42,55,56,225,100,0.44,0.8,58
3,Mexico,Cotaxtla,69,3,18,10,8.4,55,56,275,150,0.55,1,58
3,Mexico,Cotaxtla,70,3,18,24,7.27,53,54,285,155,0.54,1,56
3,Mexico,Cotaxtla,71,3,18,13,7.47,52,53,260,135,0.52,1,55
3,Mexico,Cotaxtla,72,3,18,22,7.73,52,53,275,140,0.51,0.9,58
3,Mexico,Cotaxtla,73,3,19,14,2.81,57,50,235,115,0.49,0.8,55
3,Mexico,Cotaxtla,74,3,19,9,6.13,53,54,255,120,0.47,0.9,57
3,Mexico,Cotaxtla,75,3,19,20,6.31,52,53,255,135,0.53,1,55
3,Mexico,Cotaxtla,76,3,19,6,7.42,50,51,265,155,0.58,0.9,59
3,Mexico,Cotaxtla,77,3,20,4,6.52,52,53,270,150,0.56,1,54
3,Mexico,Cotaxtla,78,3,20,31,7.13,52,53,265,140,0.53,0.8,58
3,Mexico,Cotaxtla,79,3,20,12,7.15,52,54,265,135,0.51,0.9,59
3,Mexico,Cotaxtla,80,3,20,2,7.15,51,52,265,130,0.49,1,55
3,Mexico,Cotaxtla,81,3,21,16,5.11,53,54,125,33,0.26,0.9,55
3,Mexico,Cotaxtla,82,3,21,27,7.6,51,52,275,155,0.56,0.9,58
3,Mexico,Cotaxtla,83,3,21,18,7.32,51,52,270,135,0.5,1,55
3,Mexico,Cotaxtla,84,3,21,32,6.99,50,51,275,150,0.55,0.9,54
3,Mexico,Cotaxtla,85,3,22,7,5.47,50,51,275,150,0.55,0.9,55
3,Mexico,Cotaxtla,86,3,22,3,7.68,50,51,295,155,0.53,1,59
3,Mexico,Cotaxtla,87,3,22,8,7.12,50,51,290,160,0.55,1,58
3,Mexico,Cotaxtla,88,3,22,26,7.27,50,51,270,135,0.5,1,56
3,Mexico,Cotaxtla,89,3,23,1,6.94,50,51,265,140,0.53,0.9,57
3,Mexico,Cotaxtla,90,3,23,17,8.09,50,51,260,140,0.54,0.9,57
3,Mexico,Cotaxtla,91,3,23,25,4.71,55,56,260,125,0.48,0.9,56
3,Mexico,Cotaxtla,92,3,23,11,8.18,52,53,265,140,0.53,1,54
3,Mexico,Cotaxtla,93,3,24,15,6.8,52,53,275,145,0.53,1,53
3,Mexico,Cotaxtla,94,3,24,21,6.07,53,54,275,150,0.55,0.9,56
3,Mexico,Cotaxtla,95,3,24,28,6.91,52,53,265,125,0.47,1.1,54
3,Mexico,Cotaxtla,96,3,24,29,7.41,52,53,265,125,0.47,1,54
1,Mexico,Agua Fria,1,1,1,8,8.35,59,58,245,115,0.47,1.2,47
1,Mexico,Agua Fria,2,1,1,5,8.92,59,57,225,110,0.49,1.2,48
1,Mexico,Agua Fria,3,1,1,20,7.66,60,59,205,108,0.53,1,48
1,Mexico,Agua Fria,4,1,1,26,8.65,59,57,225,120,0.53,1,48
1,Mexico,Agua Fria,5,1,2,18,7.58,57,60,240,130,0.54,1,48
1,Mexico,Agua Fria,6,1,2,4,6.74,59,57,230,120,0.52,1.1,48
1,Mexico,Agua Fria,7,1,2,27,6.41,58,61,230,110,0.48,1,48
1,Mexico,Agua Fria,8,1,2,22,5.14,60,61,235,100,0.43,1,48
1,Mexico,Agua Fria,9,1,3,10,6.79,61,62,252,120,0.48,1,48
1,Mexico,Agua Fria,10,1,3,9,6.77,60,61,233,110,0.47,1,47
1,Mexico,Agua Fria,11,1,3,11,8.44,59,60,232,112,0.48,1,47
1,Mexico,Agua Fria,12,1,3,6,8.09,59,57,230,110,0.48,1.1,48
1,Mexico,Agua Fria,13,1,4,14,5.14,62,63,190,90,0.47,0.9,48
1,Mexico,Agua Fria,14,1,4,2,6.87,57,56,235,120,0.51,1,48
1,Mexico,Agua Fria,15,1,4,13,6.69,59,60,215,120,0.56,0.9,46
1,Mexico,Agua Fria,16,1,4,32,7.42,60,58,250,120,0.48,1,48
1,Mexico,Agua Fria,17,1,5,23,3.49,60,61,205,105,0.51,0.8,49
1,Mexico,Agua Fria,18,1,5,17,6.32,59,56,230,108,0.47,1,48
1,Mexico,Agua Fria,19,1,5,28,6.04,59,60,215,120,0.56,1,52
1,Mexico,Agua Fria,20,1,5,12,5.82,62,62,200,110,0.55,1,50
1,Mexico,Agua Fria,21,1,6,30,6.06,60,60,240,120,0.5,1,43
1,Mexico,Agua Fria,22,1,6,7,6.6,57,54,236,135,0.57,1,48
1,Mexico,Agua Fria,23,1,6,15,6.2,60,57,238,120,0.5,1,49
1,Mexico,Agua Fria,24,1,6,1,6.99,56,56,230,120,0.52,1,49
1,Mexico,Agua Fria,25,1,7,16,6.23,60,60,240,121,0.5,1,48
1,Mexico,Agua Fria,26,1,7,25,5.99,60,60,220,131,0.6,1,45
1,Mexico,Agua Fria,27,1,7,31,8.4,59,58,250,131,0.52,1,50
1,Mexico,Agua Fria,28,1,7,3,6.78,58,57,250,127,0.51,1,48
1,Mexico,Agua Fria,29,1,8,21,5.78,62,62,225,125,0.56,0.9,48
1,Mexico,Agua Fria,30,1,8,24,6.51,59,57,205,95,0.46,0.9,48
1,Mexico,Agua Fria,31,1,8,19,4.7,60,60,210,100,0.48,0.9,49
1,Mexico,Agua Fria,32,1,8,29,6.48,60,57,222,115,0.52,0.9,51
1,Mexico,Agua Fria,33,2,9,24,6.61,60,58,230,120,0.52,1,49
1,Mexico,Agua Fria,34,2,9,15,6.15,60,57,235,135,0.57,1.1,48
1,Mexico,Agua Fria,35,2,9,18,6.02,59,56,245,135,0.55,0.9,48
1,Mexico,Agua Fria,36,2,9,25,6.52,60,60,235,130,0.55,0.9,48
1,Mexico,Agua Fria,37,2,10,31,8.09,60,59,250,130,0.52,1,49
1,Mexico,Agua Fria,38,2,10,14,4.53,61,63,205,105,0.51,0.9,49
1,Mexico,Agua Fria,39,2,10,27,8.28,57,56,245,140,0.57,1,48
1,Mexico,Agua Fria,40,2,10,11,8.98,59,58,260,145,0.56,1,48
1,Mexico,Agua Fria,41,2,11,22,7.81,60,57,265,130,0.49,1,50
1,Mexico,Agua Fria,42,2,11,6,7.04,58,57,245,130,0.53,1,48
1,Mexico,Agua Fria,43,2,11,17,7.61,57,56,250,140,0.56,1,49
1,Mexico,Agua Fria,44,2,11,20,6.39,61,61,220,120,0.55,1,49
1,Mexico,Agua Fria,45,2,12,3,6.97,59,57,230,100,0.43,1.1,49
1,Mexico,Agua Fria,46,2,12,30,6.04,60,60,245,137,0.56,1,46
1,Mexico,Agua Fria,47,2,12,9,6.46,61,62,240,125,0.52,1,49
1,Mexico,Agua Fria,48,2,12,5,6.22,59,59,255,140,0.55,1,48
1,Mexico,Agua Fria,49,2,13,4,6.81,60,56,240,130,0.54,1,48
1,Mexico,Agua Fria,50,2,13,26,8.54,59,57,240,136,0.57,1,48
1,Mexico,Agua Fria,51,2,13,19,3.91,61,62,210,95,0.45,0.9,49
1,Mexico,Agua Fria,52,2,13,2,6.97,57,55,225,113,0.5,1.1,48
1,Mexico,Agua Fria,53,2,14,23,4.48,62,62,195,95,0.49,1.1,40
1,Mexico,Agua Fria,54,2,14,32,7.41,61,59,230,135,0.59,1,46
1,Mexico,Agua Fria,55,2,14,29,6.72,57,56,240,120,0.5,1,50
1,Mexico,Agua Fria,56,2,14,16,5.72,61,62,240,140,0.58,1,50
1,Mexico,Agua Fria,57,2,15,7,5.61,58,56,260,126,0.48,1,47
1,Mexico,Agua Fria,58,2,15,10,7.81,61,59,230,135,0.59,1,48
1,Mexico,Agua Fria,59,2,15,12,8.19,60,58,246,127,0.52,1,49
1,Mexico,Agua Fria,60,2,15,21,6.56,62,62,220,125,0.57,1,46
1,Mexico,Agua Fria,61,2,16,1,6.39,58,58,230,120,0.52,0.9,47
1,Mexico,Agua Fria,62,2,16,8,7.91,57,57,280,140,0.5,1,45
1,Mexico,Agua Fria,63,2,16,13,7.66,58,58,265,130,0.49,1,49
1,Mexico,Agua Fria,64,2,16,28,7.1,60,58,260,150,0.58,0.9,50
1,Mexico,Agua Fria,65,3,17,7,6.71,57,55,270,140,0.52,1,50
1,Mexico,Agua Fria,66,3,17,14,4.37,60,60,220,110,0.5,0.9,48
1,Mexico,Agua Fria,67,3,17,26,8.7,58,58,250,130,0.52,1,49
1,Mexico,Agua Fria,68,3,17,24,7.08,60,59,215,110,0.51,1,48
1,Mexico,Agua Fria,69,3,18,27,6.72,58,59,225,120,0.53,1,48
1,Mexico,Agua Fria,70,3,18,21,5.23,61,62,240,115,0.48,0.9,50
1,Mexico,Agua Fria,71,3,18,1,5.1,58,58,250,130,0.52,1,48
1,Mexico,Agua Fria,72,3,18,6,5.92,58,58,280,125,0.45,0.9,49
1,Mexico,Agua Fria,73,3,19,17,7.3,58,58,240,120,0.5,1,48
1,Mexico,Agua Fria,74,3,19,30,4.89,59,60,250,125,0.5,0.9,37
1,Mexico,Agua Fria,75,3,19,13,7.77,61,61,215,100,0.47,1,48
1,Mexico,Agua Fria,76,3,19,25,5.62,61,61,230,120,0.52,0.9,49
1,Mexico,Agua Fria,77,3,20,31,7.39,60,58,270,145,0.54,1,47
1,Mexico,Agua Fria,78,3,20,9,5.76,58,58,218,120,0.55,0.9,51
1,Mexico,Agua Fria,79,3,20,19,4.62,61,61,212,100,0.47,1,49
1,Mexico,Agua Fria,80,3,20,23,3.95,61,61,205,100,0.49,0.9,49
1,Mexico,Agua Fria,81,3,21,8,7.73,57,58,285,150,0.53,0.9,50
1,Mexico,Agua Fria,82,3,21,2,6.44,56,55,245,125,0.51,1,46
1,Mexico,Agua Fria,83,3,21,3,6.85,57,57,280,150,0.54,1,58
1,Mexico,Agua Fria,84,3,21,10,5.92,61,61,260,140,0.54,0.9,51
1,Mexico,Agua Fria,85,3,22,16,5.72,61,61,242,120,0.5,0.8,48
1,Mexico,Agua Fria,86,3,22,4,6.62,57,57,245,124,0.51,1,50
1,Mexico,Agua Fria,87,3,22,20,6.55,59,58,241,130,0.54,0.9,47
1,Mexico,Agua Fria,88,3,22,15,6.94,60,58,250,120,0.48,1,54
1,Mexico,Agua Fria,89,3,23,18,6.18,60,58,255,135,0.53,1,48
1,Mexico,Agua Fria,90,3,23,11,7.84,60,58,280,140,0.5,1.1,48
1,Mexico,Agua Fria,91,3,23,32,7.07,58,58,280,140,0.5,1,46
1,Mexico,Agua Fria,92,3,23,28,5.61,60,59,260,130,0.5,0.9,49
1,Mexico,Agua Fria,93,3,24,12,7.05,60,58,255,130,0.51,1,53
1,Mexico,Agua Fria,94,3,24,29,5.71,58,58,250,140,0.56,0.9,43
1,Mexico,Agua Fria,95,3,24,22,7.21,57,58,260,145,0.56,1,49
1,Mexico,Agua Fria,96,3,24,5,7.21,58,58,280,150,0.54,1,53
4,Mexico,Tlaltizapan,1,1,1,23,7.42,65,66,225,105,0.47,1,62
4,Mexico,Tlaltizapan,2,1,1,32,11.03,64,64,225,115,0.51,1,62
4,Mexico,Tlaltizapan,3,1,1,28,11.66,64,65,270,145,0.54,1.1,64
4,Mexico,Tlaltizapan,4,1,1,1,10.12,62,63,245,140,0.57,1,64
4,Mexico,Tlaltizapan,5,1,2,10,12.1,64,64,260,145,0.56,1,65
4,Mexico,Tlaltizapan,6,1,2,26,13.06,61,61,215,115,0.53,1,64
4,Mexico,Tlaltizapan,7,1,2,14,5.65,66,67,215,115,0.53,0.8,62
4,Mexico,Tlaltizapan,8,1,2,5,13.3,62,62,240,130,0.54,1,67
4,Mexico,Tlaltizapan,9,1,3,2,9.8,60,59,235,140,0.6,1,65
4,Mexico,Tlaltizapan,10,1,3,16,9.23,64,64,235,120,0.51,1,64
4,Mexico,Tlaltizapan,11,1,3,21,9.37,65,65,240,135,0.56,0.9,66
4,Mexico,Tlaltizapan,12,1,3,15,10.95,64,62,250,140,0.56,1.1,60
4,Mexico,Tlaltizapan,13,1,4,31,11,63,63,250,145,0.58,0.9,65
4,Mexico,Tlaltizapan,14,1,4,24,11.51,63,62,215,110,0.51,1.1,61
4,Mexico,Tlaltizapan,15,1,4,7,9.73,61,60,240,150,0.63,1.1,61
4,Mexico,Tlaltizapan,16,1,4,9,11.68,63,64,245,125,0.51,0.9,63
4,Mexico,Tlaltizapan,17,1,5,12,10.65,64,63,245,120,0.49,1,64
4,Mexico,Tlaltizapan,18,1,5,30,12.76,64,64,240,125,0.52,1.2,30
4,Mexico,Tlaltizapan,19,1,5,20,8.52,64,63,255,135,0.53,1,65
4,Mexico,Tlaltizapan,20,1,5,27,11.86,63,63,250,150,0.6,1.1,62
4,Mexico,Tlaltizapan,21,1,6,11,10.96,63,63,255,145,0.57,1,66
4,Mexico,Tlaltizapan,22,1,6,17,14.77,61,60,225,105,0.47,1,66
4,Mexico,Tlaltizapan,23,1,6,29,13.29,62,62,245,135,0.55,1,51
4,Mexico,Tlaltizapan,24,1,6,25,10.69,64,66,230,125,0.54,1,62
4,Mexico,Tlaltizapan,25,1,7,4,13.33,62,62,245,130,0.53,1.1,65
4,Mexico,Tlaltizapan,26,1,7,19,5.04,67,68,230,120,0.52,0.7,60
4,Mexico,Tlaltizapan,27,1,7,18,12.79,63,64,280,145,0.52,1,65
4,Mexico,Tlaltizapan,28,1,7,6,12.34,63,64,275,155,0.56,1,66
4,Mexico,Tlaltizapan,29,1,8,13,12.8,63,65,260,150,0.58,1,64
4,Mexico,Tlaltizapan,30,1,8,22,13.53,63,65,285,170,0.6,1,62
4,Mexico,Tlaltizapan,31,1,8,3,12.1,62,62,280,155,0.55,1,61
4,Mexico,Tlaltizapan,32,1,8,8,13.8,61,62,280,160,0.57,1.1,65
4,Mexico,Tlaltizapan,33,2,9,2,9.14,61,60,245,135,0.55,0.9,64
4,Mexico,Tlaltizapan,34,2,9,3,12,63,64,260,155,0.6,1.1,63
4,Mexico,Tlaltizapan,35,2,9,28,11.58,65,66,270,160,0.59,1,64
4,Mexico,Tlaltizapan,36,2,9,6,12.84,61,62,265,135,0.51,1,66
4,Mexico,Tlaltizapan,37,2,10,23,5.83,67,68,240,130,0.54,0.8,64
4,Mexico,Tlaltizapan,38,2,10,8,11.18,62,64,290,165,0.57,1,68
4,Mexico,Tlaltizapan,39,2,10,17,13.04,62,63,270,140,0.52,1,67
4,Mexico,Tlaltizapan,40,2,10,7,8.76,62,62,245,135,0.55,1,63
4,Mexico,Tlaltizapan,41,2,11,30,9.02,63,65,245,125,0.51,1.1,35
4,Mexico,Tlaltizapan,42,2,11,26,14.23,62,63,260,140,0.54,1.1,60
4,Mexico,Tlaltizapan,43,2,11,11,13.8,63,64,260,150,0.58,1.1,63
4,Mexico,Tlaltizapan,44,2,11,4,11.35,62,62,255,160,0.63,1,65
4,Mexico,Tlaltizapan,45,2,12,1,9.29,63,64,250,145,0.58,1,62
4,Mexico,Tlaltizapan,46,2,12,10,13.71,65,66,260,140,0.54,1,64
4,Mexico,Tlaltizapan,47,2,12,19,4.86,66,67,210,110,0.52,0.8,64
4,Mexico,Tlaltizapan,48,2,12,9,12.95,65,66,245,120,0.49,1,65
4,Mexico,Tlaltizapan,49,2,13,31,11.46,63,64,280,155,0.55,0.9,65
4,Mexico,Tlaltizapan,50,2,13,12,12.05,64,64,255,130,0.51,1,64
4,Mexico,Tlaltizapan,51,2,13,22,11.86,64,64,280,155,0.55,1,66
4,Mexico,Tlaltizapan,52,2,13,18,12.58,63,63,265,150,0.57,0.9,66
4,Mexico,Tlaltizapan,53,2,14,13,12.76,63,63,255,150,0.59,1,62
4,Mexico,Tlaltizapan,54,2,14,25,9.36,64,66,260,140,0.54,1,60
4,Mexico,Tlaltizapan,55,2,14,14,6.88,67,69,240,120,0.5,0.9,66
4,Mexico,Tlaltizapan,56,2,14,21,9.53,67,67,260,150,0.58,1,66
4,Mexico,Tlaltizapan,57,2,15,32,11.41,63,62,255,150,0.59,1,63
4,Mexico,Tlaltizapan,58,2,15,27,14.72,62,62,275,155,0.56,1.1,63
4,Mexico,Tlaltizapan,59,2,15,29,10.29,62,62,275,145,0.53,1,59
4,Mexico,Tlaltizapan,60,2,15,15,11.21,63,62,280,145,0.52,1,63
4,Mexico,Tlaltizapan,61,2,16,5,11.45,62,61,280,175,0.63,1,66
4,Mexico,Tlaltizapan,62,2,16,16,7.84,64,64,275,155,0.56,1,64
4,Mexico,Tlaltizapan,63,2,16,24,11.06,62,62,260,140,0.54,1,63
4,Mexico,Tlaltizapan,64,2,16,20,12.18,63,61,270,145,0.54,1,65
4,Mexico,Tlaltizapan,65,3,17,31,14.54,62,62,300,185,0.62,0.9,66
4,Mexico,Tlaltizapan,66,3,17,32,11.91,62,61,280,155,0.55,0.9,56
4,Mexico,Tlaltizapan,67,3,17,14,6.27,65,69,230,130,0.57,0.8,65
4,Mexico,Tlaltizapan,68,3,17,8,13.96,61,63,285,175,0.61,1,68
4,Mexico,Tlaltizapan,69,3,18,29,12.19,62,61,270,160,0.59,1,61
4,Mexico,Tlaltizapan,70,3,18,16,11.15,64,64,250,120,0.48,0.9,64
4,Mexico,Tlaltizapan,71,3,18,23,5.28,67,68,240,135,0.56,0.7,67
4,Mexico,Tlaltizapan,72,3,18,4,12.7,61,61,265,150,0.57,1.1,64
4,Mexico,Tlaltizapan,73,3,19,11,15.43,63,64,275,165,0.6,1,62
4,Mexico,Tlaltizapan,74,3,19,3,12.56,64,66,260,135,0.52,0.9,66
4,Mexico,Tlaltizapan,75,3,19,24,11.5,63,64,260,150,0.58,0.9,64
4,Mexico,Tlaltizapan,76,3,19,21,10.04,66,67,265,145,0.55,0.9,64
4,Mexico,Tlaltizapan,77,3,20,2,10.34,61,60,240,130,0.54,1,65
4,Mexico,Tlaltizapan,78,3,20,7,11.26,62,62,255,135,0.53,0.9,65
4,Mexico,Tlaltizapan,79,3,20,30,11.01,64,65,290,155,0.53,0.9,45
4,Mexico,Tlaltizapan,80,3,20,18,14.02,63,63,280,145,0.52,1,63
4,Mexico,Tlaltizapan,81,3,21,19,5.51,67,68,215,110,0.51,0.8,64
4,Mexico,Tlaltizapan,82,3,21,27,12.21,63,64,260,140,0.54,1,63
4,Mexico,Tlaltizapan,83,3,21,28,11.78,65,66,265,145,0.55,1,64
4,Mexico,Tlaltizapan,84,3,21,13,12.54,63,66,260,145,0.56,0.9,63
4,Mexico,Tlaltizapan,85,3,22,1,10.77,63,64,250,135,0.54,1,64
4,Mexico,Tlaltizapan,86,3,22,12,12.13,65,64,265,140,0.53,1,65
4,Mexico,Tlaltizapan,87,3,22,25,9.06,65,66,245,130,0.53,1,60
4,Mexico,Tlaltizapan,88,3,22,26,13.7,61,61,270,150,0.56,1,67
4,Mexico,Tlaltizapan,89,3,23,9,10.89,63,66,245,125,0.51,1,63
4,Mexico,Tlaltizapan,90,3,23,6,10.89,62,62,255,140,0.55,1,64
4,Mexico,Tlaltizapan,91,3,23,17,12.43,62,63,250,120,0.48,1,63
4,Mexico,Tlaltizapan,92,3,23,5,10.82,63,63,265,155,0.58,1.1,64
4,Mexico,Tlaltizapan,93,3,24,20,10.73,64,64,255,150,0.59,1,62
4,Mexico,Tlaltizapan,94,3,24,10,12.01,64,67,265,140,0.53,1,66
4,Mexico,Tlaltizapan,95,3,24,22,11.07,63,65,260,145,0.56,1,62
4,Mexico,Tlaltizapan,96,3,24,15,11.72,64,63,255,130,0.51,1,66
7,El Salvador,San Andres,1,1,1,18,4.98,57,61,222,125,0.56,1,49
7,El Salvador,San Andres,2,1,1,24,3.96,60,62,215,110,0.51,0.9,47
7,El Salvador,San Andres,3,1,1,32,1.89,59,62,220,135,0.61,1,34
7,El Salvador,San Andres,4,1,1,5,4.18,56,59,235,140,0.6,1,50
7,El Salvador,San Andres,5,1,2,27,4.24,57,59,236,136,0.58,1,47
7,El Salvador,San Andres,6,1,2,1,4.03,58,60,245,130,0.53,1,42
7,El Salvador,San Andres,7,1,2,20,3.78,61,62,250,150,0.6,1,49
7,El Salvador,San Andres,8,1,2,4,4.23,57,59,240,140,0.58,1,48
7,El Salvador,San Andres,9,1,3,29,4.17,57,59,235,130,0.55,1,41
7,El Salvador,San Andres,10,1,3,21,1.89,61,66,235,140,0.6,0.8,35
7,El Salvador,San Andres,11,1,3,23,0.94,61,65,200,100,0.5,1,22
7,El Salvador,San Andres,12,1,3,6,4.71,57,60,235,120,0.51,1,49
7,El Salvador,San Andres,13,1,4,15,4.54,60,62,240,130,0.54,1.1,45
7,El Salvador,San Andres,14,1,4,25,1.41,60,66,227,125,0.55,1,26
7,El Salvador,San Andres,15,1,4,3,5.19,58,60,240,110,0.46,1,52
7,El Salvador,San Andres,16,1,4,13,3.29,57,62,232,110,0.47,0.9,41
7,El Salvador,San Andres,17,1,5,2,3.77,58,60,230,110,0.48,1,46
7,El Salvador,San Andres,18,1,5,11,5.14,60,64,250,150,0.6,1,50
7,El Salvador,San Andres,19,1,5,10,2.46,59,65,253,160,0.63,0.8,36
7,El Salvador,San Andres,20,1,5,30,2.42,58,64,220,140,0.64,1,35
7,El Salvador,San Andres,21,1,6,7,3.99,57,59,235,120,0.51,1,45
7,El Salvador,San Andres,22,1,6,9,2.27,59,65,222,120,0.54,1,35
7,El Salvador,San Andres,23,1,6,31,3.42,58,61,230,132,0.57,1,43
7,El Salvador,San Andres,24,1,6,26,3.75,57,59,230,130,0.57,1,43
7,El Salvador,San Andres,25,1,7,12,2.85,60,61,225,120,0.53,1,39
7,El Salvador,San Andres,26,1,7,22,5.19,57,60,225,125,0.56,1,52
7,El Salvador,San Andres,27,1,7,17,4.74,57,61,228,120,0.53,1.2,40
7,El Salvador,San Andres,28,1,7,16,1.51,60,62,236,120,0.51,0.8,34
7,El Salvador,San Andres,29,1,8,14,0.94,61,66,186,105,0.56,1.1,31
7,El Salvador,San Andres,30,1,8,28,3.8,60,62,237,130,0.55,0.9,52
7,El Salvador,San Andres,31,1,8,8,3.94,58,59,217,115,0.53,1.1,41
7,El Salvador,San Andres,32,1,8,19,1.13,60,66,192,80,0.42,1.1,34
7,El Salvador,San Andres,33,2,9,16,1.41,61,65,220,125,0.57,0.7,45
7,El Salvador,San Andres,34,2,9,25,1.41,60,64,225,130,0.58,0.9,34
7,El Salvador,San Andres,35,2,9,1,3.74,57,60,250,130,0.52,1,41
7,El Salvador,San Andres,36,2,9,10,2.44,58,64,228,140,0.61,0.8,45
7,El Salvador,San Andres,37,2,10,11,3.94,57,62,238,125,0.53,1,44
7,El Salvador,San Andres,38,2,10,9,2.19,60,63,200,95,0.48,0.9,32
7,El Salvador,San Andres,39,2,10,12,3.32,61,63,227,125,0.55,0.9,46
7,El Salvador,San Andres,40,2,10,5,3.31,57,60,240,125,0.52,1,44
7,El Salvador,San Andres,41,2,11,24,4.44,60,62,250,150,0.6,1,49
7,El Salvador,San Andres,42,2,11,6,3.93,58,61,239,138,0.58,0.9,46
7,El Salvador,San Andres,43,2,11,4,4.24,57,60,210,110,0.52,1.1,43
7,El Salvador,San Andres,44,2,11,14,0.94,62,69,197,95,0.48,1.1,20
7,El Salvador,San Andres,45,2,12,7,4.1,58,60,225,130,0.58,1,48
7,El Salvador,San Andres,46,2,12,3,4.23,57,61,212,115,0.54,1,49
7,El Salvador,San Andres,47,2,12,28,3.22,61,63,215,130,0.6,0.8,36
7,El Salvador,San Andres,48,2,12,21,1.89,62,67,205,115,0.56,1,31
7,El Salvador,San Andres,49,2,13,30,2.82,61,64,188,120,0.64,1.1,34
7,El Salvador,San Andres,50,2,13,20,4.92,64,66,225,125,0.56,0.9,53
7,El Salvador,San Andres,51,2,13,29,3.3,58,61,210,110,0.52,1.1,35
7,El Salvador,San Andres,52,2,13,26,4.86,57,61,230,128,0.56,1,48
7,El Salvador,San Andres,53,2,14,31,3.78,58,61,222,120,0.54,1,37
7,El Salvador,San Andres,54,2,14,27,4.68,57,61,220,130,0.59,0.9,46
7,El Salvador,San Andres,55,2,14,22,5.17,57,60,215,120,0.56,1,47
7,El Salvador,San Andres,56,2,14,19,0.47,61,68,192,100,0.52,0.9,20
7,El Salvador,San Andres,57,2,15,2,4.26,58,60,220,110,0.5,1,48
7,El Salvador,San Andres,58,2,15,8,4.62,57,59,230,135,0.59,1,48
7,El Salvador,San Andres,59,2,15,13,2.07,61,65,198,105,0.53,0.9,32
7,El Salvador,San Andres,60,2,15,32,1.41,60,63,195,110,0.56,1,27
7,El Salvador,San Andres,61,2,16,18,4.42,57,61,240,130,0.54,1,47
7,El Salvador,San Andres,62,2,16,23,0.47,61,68,190,85,0.45,0.6,20
7,El Salvador,San Andres,63,2,16,17,3.56,57,61,245,140,0.57,1.1,45
7,El Salvador,San Andres,64,2,16,15,4.19,60,62,212,110,0.52,1,50
7,El Salvador,San Andres,65,3,17,16,1.78,60,66,228,135,0.59,0.9,36
7,El Salvador,San Andres,66,3,17,27,4.74,57,60,248,140,0.56,1,48
7,El Salvador,San Andres,67,3,17,8,3.97,57,59,245,150,0.61,0.9,45
7,El Salvador,San Andres,68,3,17,29,3.42,56,58,225,110,0.49,1,40
7,El Salvador,San Andres,69,3,18,13,3.32,59,61,230,135,0.59,1,44
7,El Salvador,San Andres,70,3,18,9,1.52,60,67,210,90,0.43,1,31
7,El Salvador,San Andres,71,3,18,4,4.18,58,59,238,130,0.55,1.1,48
7,El Salvador,San Andres,72,3,18,10,2.63,61,66,245,145,0.59,1.1,33
7,El Salvador,San Andres,73,3,19,5,4.29,57,60,253,160,0.63,1,48
7,El Salvador,San Andres,74,3,19,20,3.94,61,66,255,140,0.55,0.9,46
7,El Salvador,San Andres,75,3,19,6,4.16,58,61,245,140,0.57,1,39
7,El Salvador,San Andres,76,3,19,3,3.6,59,61,232,140,0.6,1,42
7,El Salvador,San Andres,77,3,20,7,4.22,58,60,240,135,0.56,1,47
7,El Salvador,San Andres,78,3,20,18,4.35,58,64,232,115,0.5,0.9,52
7,El Salvador,San Andres,79,3,20,12,3.28,61,64,228,135,0.59,1,47
7,El Salvador,San Andres,80,3,20,1,4.45,58,60,229,124,0.54,1,43
7,El Salvador,San Andres,81,3,21,30,1.88,59,62,205,110,0.54,1,33
7,El Salvador,San Andres,82,3,21,17,5.11,57,60,220,120,0.55,1,50
7,El Salvador,San Andres,83,3,21,14,0.94,62,65,203,105,0.52,1.2,30
7,El Salvador,San Andres,84,3,21,32,1.42,60,65,172,90,0.52,0.9,29
7,El Salvador,San Andres,85,3,22,15,4.31,61,63,240,135,0.56,0.9,50
7,El Salvador,San Andres,86,3,22,2,4.17,57,59,232,125,0.54,1,49
7,El Salvador,San Andres,87,3,22,22,4.62,59,61,238,140,0.59,1,50
7,El Salvador,San Andres,88,3,22,21,1.41,61,65,232,120,0.52,1,34
7,El Salvador,San Andres,89,3,23,19,0.47,62,66,200,110,0.55,0.7,26
7,El Salvador,San Andres,90,3,23,26,3.29,58,60,235,125,0.53,0.9,47
7,El Salvador,San Andres,91,3,23,11,5.18,57,61,250,140,0.56,1,52
7,El Salvador,San Andres,92,3,23,23,0.94,61,68,215,110,0.51,0.8,46
7,El Salvador,San Andres,93,3,24,25,1.88,60,66,220,125,0.57,0.8,43
7,El Salvador,San Andres,94,3,24,28,4.22,57,61,220,125,0.57,0.9,49
7,El Salvador,San Andres,95,3,24,24,3.56,60,63,220,110,0.5,0.9,49
7,El Salvador,San Andres,96,3,24,31,3.6,58,60,216,135,0.63,1,45
8,El Salvador,Santa Cruz,1,1,1,3,7.28,51,51,265,125,0.47,1,25
8,El Salvador,Santa Cruz,2,1,1,10,6.12,53,56,270,130,0.48,1.1,20
8,El Salvador,Santa Cruz,3,1,1,13,7.32,52,53,260,140,0.54,1,27
8,El Salvador,Santa Cruz,4,1,1,23,1.67,54,56,210,110,0.52,1.1,19
8,El Salvador,Santa Cruz,5,1,2,30,5.4,51,51,230,130,0.57,1,21
8,El Salvador,Santa Cruz,6,1,2,18,7.5,53,54,260,130,0.5,1.1,26
8,El Salvador,Santa Cruz,7,1,2,19,1.7,56,57,205,90,0.44,0.9,15
8,El Salvador,Santa Cruz,8,1,2,27,6.83,51,52,260,130,0.5,1.1,25
8,El Salvador,Santa Cruz,9,1,3,5,7.18,50,50,255,140,0.55,1.1,28
8,El Salvador,Santa Cruz,10,1,3,6,7.68,53,58,265,125,0.47,1,25
8,El Salvador,Santa Cruz,11,1,3,29,6.39,51,52,250,130,0.52,1,25
8,El Salvador,Santa Cruz,12,1,3,22,9.06,53,53,275,130,0.47,1,26
8,El Salvador,Santa Cruz,13,1,4,2,7.62,50,50,220,110,0.5,0.8,26
8,El Salvador,Santa Cruz,14,1,4,14,2.81,56,58,210,100,0.48,1,23
8,El Salvador,Santa Cruz,15,1,4,8,8.17,53,53,270,125,0.46,1.6,24
8,El Salvador,Santa Cruz,16,1,4,1,6.27,50,50,260,115,0.44,1,25
8,El Salvador,Santa Cruz,17,1,5,11,7.38,52,53,260,115,0.44,1,23
8,El Salvador,Santa Cruz,18,1,5,28,6.34,52,52,270,140,0.52,1,24
8,El Salvador,Santa Cruz,19,1,5,26,7.2,51,53,250,120,0.48,1,25
8,El Salvador,Santa Cruz,20,1,5,15,7.82,54,53,240,125,0.52,1,26
8,El Salvador,Santa Cruz,21,1,6,16,4.36,54,55,285,150,0.53,1,19
8,El Salvador,Santa Cruz,22,1,6,4,7.3,51,52,255,145,0.57,1,23
8,El Salvador,Santa Cruz,23,1,6,12,7.51,54,54,270,140,0.52,1.1,27
8,El Salvador,Santa Cruz,24,1,6,17,8.13,52,51,250,125,0.5,1,27
8,El Salvador,Santa Cruz,25,1,7,31,6.24,52,52,270,130,0.48,1,24
8,El Salvador,Santa Cruz,26,1,7,24,6.85,53,53,265,145,0.55,1,25
8,El Salvador,Santa Cruz,27,1,7,32,5.53,53,53,270,148,0.55,1.2,18
8,El Salvador,Santa Cruz,28,1,7,20,9.25,54,53,263,115,0.44,1,28
8,El Salvador,Santa Cruz,29,1,8,25,4.43,54,54,250,125,0.5,1.1,24
8,El Salvador,Santa Cruz,30,1,8,7,7.82,51,51,260,90,0.35,1.3,27
8,El Salvador,Santa Cruz,31,1,8,9,4.04,54,55,275,145,0.53,0.9,26
8,El Salvador,Santa Cruz,32,1,8,21,5.04,55,55,245,135,0.55,1,23
8,El Salvador,Santa Cruz,33,2,9,20,6.34,53,53,255,125,0.49,1,24
8,El Salvador,Santa Cruz,34,2,9,22,5.92,52,53,280,140,0.5,1,24
8,El Salvador,Santa Cruz,35,2,9,18,6.81,52,51,280,130,0.46,1,26
8,El Salvador,Santa Cruz,36,2,9,11,7.03,52,52,270,150,0.56,1,24
8,El Salvador,Santa Cruz,37,2,10,15,6.29,53,53,265,135,0.51,0.9,25
8,El Salvador,Santa Cruz,38,2,10,13,8.01,52,53,245,120,0.49,1,24
8,El Salvador,Santa Cruz,39,2,10,12,5.8,54,54,280,170,0.61,1.1,23
8,El Salvador,Santa Cruz,40,2,10,6,8.21,50,50,265,130,0.49,1.1,25
8,El Salvador,Santa Cruz,41,2,11,29,6.39,51,52,260,140,0.54,0.9,27
8,El Salvador,Santa Cruz,42,2,11,9,5.72,51,53,240,110,0.46,0.7,27
8,El Salvador,Santa Cruz,43,2,11,1,7.32,50,51,260,130,0.5,1.1,26
8,El Salvador,Santa Cruz,44,2,11,27,8.88,51,50,290,150,0.52,1.2,26
8,El Salvador,Santa Cruz,45,2,12,19,7.98,53,54,250,105,0.42,0.9,21
8,El Salvador,Santa Cruz,46,2,12,23,3.01,54,54,230,120,0.52,0.9,21
8,El Salvador,Santa Cruz,47,2,12,14,4.57,55,57,220,100,0.45,0.9,25
8,El Salvador,Santa Cruz,48,2,12,28,7.53,53,53,270,155,0.57,0.9,25
8,El Salvador,Santa Cruz,49,2,13,21,5.38,56,56,250,130,0.52,1,22
8,El Salvador,Santa Cruz,50,2,13,4,7.3,52,53,275,145,0.53,0.9,28
8,El Salvador,Santa Cruz,51,2,13,26,6.17,51,52,255,115,0.45,1.2,19
8,El Salvador,Santa Cruz,52,2,13,2,7.96,51,51,260,125,0.48,1.3,26
8,El Salvador,Santa Cruz,53,2,14,10,7.14,53,55,290,170,0.59,0.9,26
8,El Salvador,Santa Cruz,54,2,14,5,8.04,52,52,280,135,0.48,1.4,25
8,El Salvador,Santa Cruz,55,2,14,32,4.84,53,55,290,155,0.53,1.1,15
8,El Salvador,Santa Cruz,56,2,14,7,7.99,52,51,270,135,0.5,1.2,26
8,El Salvador,Santa Cruz,57,2,15,16,4.7,54,54,250,130,0.52,1,21
8,El Salvador,Santa Cruz,58,2,15,24,6.16,53,53,250,132,0.53,1.1,23
8,El Salvador,Santa Cruz,59,2,15,3,7.63,52,52,265,140,0.53,1.1,25
8,El Salvador,Santa Cruz,60,2,15,8,7.99,52,52,320,158,0.49,1.4,23
8,El Salvador,Santa Cruz,61,2,16,25,3.75,54,56,278,145,0.52,1,22
8,El Salvador,Santa Cruz,62,2,16,17,7.79,52,53,278,130,0.47,1,24
8,El Salvador,Santa Cruz,63,2,16,30,7.43,52,52,270,185,0.69,1.1,23
8,El Salvador,Santa Cruz,64,2,16,31,7.28,52,52,290,153,0.53,1,24
8,El Salvador,Santa Cruz,65,3,17,16,5.37,54,55,250,135,0.54,1,23
8,El Salvador,Santa Cruz,66,3,17,19,2.38,54,55,235,100,0.43,1,22
8,El Salvador,Santa Cruz,67,3,17,29,7.74,50,50,270,155,0.57,1.2,26
8,El Salvador,Santa Cruz,68,3,17,31,5.55,53,53,285,155,0.54,0.8,24
8,El Salvador,Santa Cruz,69,3,18,20,7.53,54,54,285,145,0.51,1,23
8,El Salvador,Santa Cruz,70,3,18,9,5.72,53,55,268,120,0.45,1,24
8,El Salvador,Santa Cruz,71,3,18,6,9.08,52,53,270,145,0.54,1,27
8,El Salvador,Santa Cruz,72,3,18,2,8.66,49,50,300,140,0.47,1.1,26
8,El Salvador,Santa Cruz,73,3,19,17,6.43,50,50,285,130,0.46,1.2,20
8,El Salvador,Santa Cruz,74,3,19,8,6.6,52,52,277,140,0.51,1.3,23
8,El Salvador,Santa Cruz,75,3,19,22,6.27,53,53,290,140,0.48,1,23
8,El Salvador,Santa Cruz,76,3,19,15,5.95,53,53,255,125,0.49,1,24
8,El Salvador,Santa Cruz,77,3,20,5,7.18,52,52,270,145,0.54,1.3,25
8,El Salvador,Santa Cruz,78,3,20,30,5.07,52,52,250,145,0.58,0.7,25
8,El Salvador,Santa Cruz,79,3,20,13,7.66,53,53,255,135,0.53,1,25
8,El Salvador,Santa Cruz,80,3,20,21,5.55,54,55,260,155,0.6,1,21
8,El Salvador,Santa Cruz,81,3,21,18,6.47,53,53,285,140,0.49,1,22
8,El Salvador,Santa Cruz,82,3,21,28,6.51,53,53,288,140,0.49,1,27
8,El Salvador,Santa Cruz,83,3,21,7,6.6,49,50,280,144,0.51,1.1,25
8,El Salvador,Santa Cruz,84,3,21,24,7.53,52,53,270,140,0.52,1,25
8,El Salvador,Santa Cruz,85,3,22,4,6.26,50,51,280,145,0.52,1.1,21
8,El Salvador,Santa Cruz,86,3,22,11,8.78,52,52,287,148,0.52,1.4,25
8,El Salvador,Santa Cruz,87,3,22,25,3.41,51,51,258,145,0.56,1.1,15
8,El Salvador,Santa Cruz,88,3,22,23,2.68,54,51,265,135,0.51,1.1,18
8,El Salvador,Santa Cruz,89,3,23,27,7.51,52,51,265,150,0.57,1,24
8,El Salvador,Santa Cruz,90,3,23,14,2.81,54,56,230,105,0.46,0.7,24
8,El Salvador,Santa Cruz,91,3,23,12,6.48,55,54,270,140,0.52,1,26
8,El Salvador,Santa Cruz,92,3,23,10,7.99,53,54,280,140,0.5,1,24
8,El Salvador,Santa Cruz,93,3,24,1,8.53,51,52,270,130,0.48,1,26
8,El Salvador,Santa Cruz,94,3,24,3,8.49,52,53,270,150,0.56,1.2,25
8,El Salvador,Santa Cruz,95,3,24,26,6.86,50,52,268,100,0.37,1,25
8,El Salvador,Santa Cruz,96,3,24,32,5.36,52,52,260,145,0.56,1.1,16
9,Colombia,Palmira ,1,1,1,26,9.61,59,60,245,105,0.43,1.1,60
9,Colombia,Palmira ,2,1,1,22,8.82,63,64,255,130,0.51,1,62
9,Colombia,Palmira ,3,1,1,23,5.06,63,64,235,105,0.45,0.7,64
9,Colombia,Palmira ,4,1,1,3,8.53,62,62,265,125,0.47,0.9,58
9,Colombia,Palmira ,5,1,2,2,8.48,59,60,240,110,0.46,1,57
9,Colombia,Palmira ,6,1,2,16,8.12,62,63,260,140,0.54,0.9,58
9,Colombia,Palmira ,7,1,2,7,7.25,59,60,255,140,0.55,1.1,51
9,Colombia,Palmira ,8,1,2,6,7.81,60,61,270,140,0.52,0.9,60
9,Colombia,Palmira ,9,1,3,25,7.43,66,67,250,135,0.54,0.9,57
9,Colombia,Palmira ,10,1,3,19,4.52,67,67,225,95,0.42,0.8,59
9,Colombia,Palmira ,11,1,3,27,9.94,62,62,250,130,0.52,0.9,61
9,Colombia,Palmira ,12,1,3,20,6.54,67,67,250,120,0.48,0.8,61
9,Colombia,Palmira ,13,1,4,17,8.5,61,63,250,115,0.46,0.9,56
9,Colombia,Palmira ,14,1,4,13,8.52,62,62,270,135,0.5,0.8,58
9,Colombia,Palmira ,15,1,4,9,7.9,67,67,260,120,0.46,0.8,63
9,Colombia,Palmira ,16,1,4,11,10.52,64,64,250,140,0.56,1,59
9,Colombia,Palmira ,17,1,5,8,10.24,62,62,265,130,0.49,1.2,44
9,Colombia,Palmira ,18,1,5,10,10.59,67,67,260,115,0.44,0.9,60
9,Colombia,Palmira ,19,1,5,30,7.28,62,63,260,150,0.58,0.8,57
9,Colombia,Palmira ,20,1,5,5,9.06,64,64,270,140,0.52,0.8,61
9,Colombia,Palmira ,21,1,6,29,7.88,68,68,245,130,0.53,0.8,58
9,Colombia,Palmira ,22,1,6,32,9.21,63,63,230,100,0.43,1,60
9,Colombia,Palmira ,23,1,6,24,6.83,64,64,250,125,0.5,0.8,56
9,Colombia,Palmira ,24,1,6,18,9.88,62,63,250,105,0.42,0.8,54
9,Colombia,Palmira ,25,1,7,4,9.42,60,60,260,145,0.56,0.9,57
9,Colombia,Palmira ,26,1,7,1,9.08,63,63,270,130,0.48,1,57
9,Colombia,Palmira ,27,1,7,12,8.85,64,65,265,130,0.49,1,55
9,Colombia,Palmira ,28,1,7,21,6.77,68,68,255,140,0.55,0.7,59
9,Colombia,Palmira ,29,1,8,28,8.87,66,67,265,145,0.55,0.9,60
9,Colombia,Palmira ,30,1,8,15,8.22,64,65,265,130,0.49,0.9,55
9,Colombia,Palmira ,31,1,8,14,5.88,64,65,230,105,0.46,0.8,53
9,Colombia,Palmira ,32,1,8,31,10.33,63,63,215,110,0.51,1,56
9,Colombia,Palmira ,33,2,9,26,10.73,61,61,260,130,0.5,1,57
9,Colombia,Palmira ,34,2,9,9,9.29,64,65,270,115,0.43,0.9,57
9,Colombia,Palmira ,35,2,9,4,10.39,62,62,270,145,0.54,1.1,54
9,Colombia,Palmira ,36,2,9,15,8.14,64,65,245,120,0.49,0.9,62
9,Colombia,Palmira ,37,2,10,8,11.43,62,62,270,140,0.52,1.1,59
9,Colombia,Palmira ,38,2,10,25,7.92,64,65,260,130,0.5,0.8,57
9,Colombia,Palmira ,39,2,10,21,6.95,66,66,245,130,0.53,0.8,61
9,Colombia,Palmira ,40,2,10,7,9.55,61,61,265,145,0.55,1.1,62
9,Colombia,Palmira ,41,2,11,5,10.19,62,63,280,160,0.57,1,53
9,Colombia,Palmira ,42,2,11,28,9.16,66,66,270,135,0.5,0.8,68
9,Colombia,Palmira ,43,2,11,2,9.79,60,60,260,130,0.5,0.9,63
9,Colombia,Palmira ,44,2,11,22,9.94,66,66,260,140,0.54,0.9,60
9,Colombia,Palmira ,45,2,12,30,7.31,64,65,260,125,0.48,0.8,51
9,Colombia,Palmira ,46,2,12,19,5.39,65,66,255,120,0.47,0.8,62
9,Colombia,Palmira ,47,2,12,32,10.34,66,66,230,110,0.48,0.8,68
9,Colombia,Palmira ,48,2,12,23,7.16,65,66,210,100,0.48,0.9,54
9,Colombia,Palmira ,49,2,13,11,7.57,63,63,265,135,0.51,0.9,63
9,Colombia,Palmira ,50,2,13,6,8.88,61,61,255,110,0.43,1,58
9,Colombia,Palmira ,51,2,13,3,9.54,62,63,270,145,0.54,0.9,63
9,Colombia,Palmira ,52,2,13,27,9.67,61,62,260,135,0.52,0.8,61
9,Colombia,Palmira ,53,2,14,29,7.13,68,68,270,170,0.63,0.9,58
9,Colombia,Palmira ,54,2,14,20,7.36,62,63,240,110,0.46,1,60
9,Colombia,Palmira ,55,2,14,12,8.39,63,64,250,135,0.54,0.9,58
9,Colombia,Palmira ,56,2,14,14,4.56,68,68,220,90,0.41,1,53
9,Colombia,Palmira ,57,2,15,17,7,62,62,275,155,0.56,0.9,57
9,Colombia,Palmira ,58,2,15,1,7.53,62,62,270,115,0.43,0.9,58
9,Colombia,Palmira ,59,2,15,24,5.59,64,64,245,120,0.49,0.9,58
9,Colombia,Palmira ,60,2,15,10,7.61,67,67,250,125,0.5,0.8,67
9,Colombia,Palmira ,61,2,16,31,7.53,66,67,230,110,0.48,1,59
9,Colombia,Palmira ,62,2,16,18,8.49,64,64,270,140,0.52,1,51
9,Colombia,Palmira ,63,2,16,16,4.37,67,67,240,125,0.52,0.7,67
9,Colombia,Palmira ,64,2,16,13,7.07,61,62,245,125,0.51,0.9,61
9,Colombia,Palmira ,65,3,17,24,8.17,62,63,260,125,0.48,0.8,59
9,Colombia,Palmira ,66,3,17,26,9.21,61,62,270,125,0.46,1,56
9,Colombia,Palmira ,67,3,17,7,7.6,59,59,260,120,0.46,0.9,61
9,Colombia,Palmira ,68,3,17,13,8.24,61,62,250,130,0.52,0.9,61
9,Colombia,Palmira ,69,3,18,20,6.07,64,65,270,130,0.48,0.9,56
9,Colombia,Palmira ,70,3,18,9,7.8,64,65,245,110,0.45,0.8,60
9,Colombia,Palmira ,71,3,18,5,9.52,61,61,280,140,0.5,0.9,56
9,Colombia,Palmira ,72,3,18,3,7.43,62,62,265,130,0.49,0.9,63
9,Colombia,Palmira ,73,3,19,8,8.94,62,63,270,145,0.54,0.9,62
9,Colombia,Palmira ,74,3,19,1,7.22,62,62,280,140,0.5,1,66
9,Colombia,Palmira ,75,3,19,11,7.23,62,63,290,160,0.55,0.9,63
9,Colombia,Palmira ,76,3,19,14,2.69,68,68,210,105,0.5,0.6,55
9,Colombia,Palmira ,77,3,20,27,11.08,63,63,260,135,0.52,1,66
9,Colombia,Palmira ,78,3,20,31,8.05,64,64,250,120,0.48,0.9,58
9,Colombia,Palmira ,79,3,20,10,9.45,67,67,270,145,0.54,0.8,59
9,Colombia,Palmira ,80,3,20,2,8.78,60,60,245,100,0.41,0.9,58
9,Colombia,Palmira ,81,3,21,32,9.39,64,64,255,135,0.53,1,59
9,Colombia,Palmira ,82,3,21,4,8.89,60,62,270,160,0.59,1,56
9,Colombia,Palmira ,83,3,21,6,10.31,62,62,260,130,0.5,0.9,58
9,Colombia,Palmira ,84,3,21,25,8.34,64,64,260,130,0.5,0.9,62
9,Colombia,Palmira ,85,3,22,29,8.26,68,68,240,130,0.54,0.8,62
9,Colombia,Palmira ,86,3,22,17,10.84,60,61,240,115,0.48,1,62
9,Colombia,Palmira ,87,3,22,19,4.65,64,64,230,110,0.48,0.7,63
9,Colombia,Palmira ,88,3,22,28,6.88,67,67,270,150,0.56,0.6,63
9,Colombia,Palmira ,89,3,23,12,7.99,63,63,260,120,0.46,0.9,49
9,Colombia,Palmira ,90,3,23,16,9.66,65,65,265,130,0.49,1,46
9,Colombia,Palmira ,91,3,23,23,6.08,66,66,230,115,0.5,0.7,58
9,Colombia,Palmira ,92,3,23,15,6.79,63,63,240,130,0.54,0.8,63
9,Colombia,Palmira ,93,3,24,22,11.41,63,63,275,140,0.51,0.9,60
9,Colombia,Palmira ,94,3,24,18,9.52,65,65,270,140,0.52,0.9,56
9,Colombia,Palmira ,95,3,24,30,6.12,65,65,275,155,0.56,0.7,59
9,Colombia,Palmira ,96,3,24,21,6.44,67,67,265,140,0.53,0.8,56
12,Guatemala,Sabana ,1,1,1,7,0.69,69,69,140,50,0.36,0.4,50
12,Guatemala,Sabana ,2,1,1,17,0.51,69,71,145,60,0.41,0.6,47
12,Guatemala,Sabana ,3,1,1,15,0.94,71,72,135,60,0.44,0.5,43
12,Guatemala,Sabana ,4,1,1,27,0.96,70,72,130,55,0.42,0.6,45
12,Guatemala,Sabana ,5,1,2,16,0.51,71,72,145,60,0.41,0.4,46
12,Guatemala,Sabana ,6,1,2,23,1.2,73,74,130,50,0.38,0.4,38
12,Guatemala,Sabana ,7,1,2,21,1.1,69,70,145,55,0.38,0.6,35
12,Guatemala,Sabana ,8,1,2,8,0.17,69,69,160,60,0.38,0.7,40
12,Guatemala,Sabana ,9,1,3,4,0.69,71,72,145,70,0.48,0.5,37
12,Guatemala,Sabana ,10,1,3,10,0.92,74,75,120,45,0.38,0.3,49
12,Guatemala,Sabana ,11,1,3,24,1.3,73,74,135,65,0.48,0.4,34
12,Guatemala,Sabana ,12,1,3,19,0.74,73,73,150,65,0.43,0.3,41
12,Guatemala,Sabana ,13,1,4,11,0.68,78,73,120,60,0.5,0.3,52
12,Guatemala,Sabana ,14,1,4,29,1.3,69,71,145,70,0.48,0.4,43
12,Guatemala,Sabana ,15,1,4,6,1.29,68,70,135,65,0.48,0.5,44
12,Guatemala,Sabana ,16,1,4,28,0.67,72,73,140,60,0.43,0.5,37
12,Guatemala,Sabana ,17,1,5,5,0.69,73,73,155,70,0.45,0.7,39
12,Guatemala,Sabana ,18,1,5,32,0.95,73,74,140,45,0.32,0.6,40
12,Guatemala,Sabana ,19,1,5,30,0.78,74,75,110,40,0.36,0.6,40
12,Guatemala,Sabana ,20,1,5,3,1.28,68,68,115,60,0.52,0.8,36
12,Guatemala,Sabana ,21,1,6,1,1.34,68,70,145,55,0.38,0.7,44
12,Guatemala,Sabana ,22,1,6,18,1.12,70,71,150,55,0.37,0.6,45
12,Guatemala,Sabana ,23,1,6,25,0.58,71,72,135,40,0.3,0.5,47
12,Guatemala,Sabana ,24,1,6,31,0.45,73,74,135,45,0.33,0.5,42
12,Guatemala,Sabana ,25,1,7,14,0.18,75,76,140,55,0.39,0.3,52
12,Guatemala,Sabana ,26,1,7,13,0.77,75,76,95,40,0.42,0.5,51
12,Guatemala,Sabana ,27,1,7,12,0.86,74,76,105,50,0.48,0.6,39
12,Guatemala,Sabana ,28,1,7,22,1.44,70,71,110,55,0.5,0.5,50
12,Guatemala,Sabana ,29,1,8,26,1.75,69,71,135,60,0.44,0.6,51
12,Guatemala,Sabana ,30,1,8,20,1.8,73,74,135,50,0.37,0.8,42
12,Guatemala,Sabana ,31,1,8,9,0.6,71,72,145,60,0.41,0.5,42
12,Guatemala,Sabana ,32,1,8,2,0.93,67,67,140,65,0.46,0.8,35
12,Guatemala,Sabana ,33,2,9,7,0.78,69,69,125,40,0.32,0.5,42
12,Guatemala,Sabana ,34,2,9,22,1.52,70,71,135,40,0.3,0.7,41
12,Guatemala,Sabana ,35,2,9,26,1.83,69,71,140,55,0.39,0.6,54
12,Guatemala,Sabana ,36,2,9,19,0.66,73,73,140,50,0.36,0.5,51
12,Guatemala,Sabana ,37,2,10,29,1.21,69,71,135,50,0.37,0.4,49
12,Guatemala,Sabana ,38,2,10,32,0.95,73,74,140,45,0.32,0.5,47
12,Guatemala,Sabana ,39,2,10,1,0.55,68,70,150,40,0.27,0.4,41
12,Guatemala,Sabana ,40,2,10,17,1.63,69,71,135,35,0.26,0.8,41
12,Guatemala,Sabana ,41,2,11,12,0.77,74,76,140,50,0.36,0.6,48
12,Guatemala,Sabana ,42,2,11,28,1.67,72,73,130,35,0.27,0.7,50
12,Guatemala,Sabana ,43,2,11,27,1.6,70,72,130,45,0.35,0.9,41
12,Guatemala,Sabana ,44,2,11,8,1.38,69,69,145,50,0.34,0.7,50
12,Guatemala,Sabana ,45,2,12,18,1.73,70,71,140,55,0.39,0.7,45
12,Guatemala,Sabana ,46,2,12,13,1.54,75,76,145,50,0.34,0.9,38
12,Guatemala,Sabana ,47,2,12,9,0.69,71,72,145,55,0.38,0.6,42
12,Guatemala,Sabana ,48,2,12,30,0.95,74,75,150,40,0.27,0.6,47
12,Guatemala,Sabana ,49,2,13,21,0.93,69,70,130,45,0.35,0.6,32
12,Guatemala,Sabana ,50,2,13,20,1.45,73,74,150,45,0.3,0.8,40
12,Guatemala,Sabana ,51,2,13,31,0.36,73,74,155,50,0.32,0.4,45
12,Guatemala,Sabana ,52,2,13,6,0.97,68,70,140,45,0.32,0.9,39
12,Guatemala,Sabana ,53,2,14,23,0.43,73,74,135,40,0.3,0.4,40
12,Guatemala,Sabana ,54,2,14,24,1.47,73,74,140,35,0.25,0.5,51
12,Guatemala,Sabana ,55,2,14,2,1.52,67,67,135,35,0.26,1,49
12,Guatemala,Sabana ,56,2,14,5,0.95,73,73,140,40,0.29,0.6,50
12,Guatemala,Sabana ,57,2,15,25,0.75,71,72,150,40,0.27,0.4,47
12,Guatemala,Sabana ,58,2,15,10,0.92,74,75,155,55,0.35,0.6,43
12,Guatemala,Sabana ,59,2,15,16,0.85,71,72,150,50,0.33,0.7,41
12,Guatemala,Sabana ,60,2,15,15,1.03,71,72,135,45,0.33,0.6,48
12,Guatemala,Sabana ,61,2,16,14,0.35,75,76,140,55,0.39,0.4,47
12,Guatemala,Sabana ,62,2,16,3,0.85,68,68,140,50,0.36,0.5,52
12,Guatemala,Sabana ,63,2,16,4,1.63,71,72,145,40,0.28,0.9,39
12,Guatemala,Sabana ,64,2,16,11,2.39,78,73,135,40,0.3,0.9,46
12,Guatemala,Sabana ,65,3,17,30,0.78,74,75,145,50,0.34,0.5,42
12,Guatemala,Sabana ,66,3,17,1,0.87,68,70,135,50,0.37,0.5,48
12,Guatemala,Sabana ,67,3,17,8,1.12,69,69,140,55,0.39,0.6,52
12,Guatemala,Sabana ,68,3,17,7,1.3,69,69,155,60,0.39,0.9,39
12,Guatemala,Sabana ,69,3,18,19,0.83,73,73,160,60,0.38,0.4,53
12,Guatemala,Sabana ,70,3,18,18,1.3,70,71,155,60,0.39,1.1,34
12,Guatemala,Sabana ,71,3,18,15,1.46,71,72,145,50,0.34,1.2,32
12,Guatemala,Sabana ,72,3,18,6,1.78,68,70,145,45,0.31,0.7,41
12,Guatemala,Sabana ,73,3,19,31,0.72,73,74,150,45,0.3,0.5,48
12,Guatemala,Sabana ,74,3,19,12,2.06,74,76,150,50,0.33,0.8,53
12,Guatemala,Sabana ,75,3,19,4,1.81,71,72,140,35,0.25,0.9,45
12,Guatemala,Sabana ,76,3,19,9,1.72,71,72,135,40,0.3,0.4,48
12,Guatemala,Sabana ,77,3,20,23,1.89,73,74,140,45,0.32,0.4,50
12,Guatemala,Sabana ,78,3,20,28,2.17,72,73,140,45,0.32,0.8,39
12,Guatemala,Sabana ,79,3,20,14,1.95,75,76,145,50,0.34,0.5,47
12,Guatemala,Sabana ,80,3,20,25,2,71,72,145,55,0.38,0.7,49
12,Guatemala,Sabana ,81,3,21,17,2.48,69,71,150,55,0.37,1,43
12,Guatemala,Sabana ,82,3,21,2,0.85,67,67,145,50,0.34,0.6,41
12,Guatemala,Sabana ,83,3,21,21,0.93,69,70,140,45,0.32,0.7,43
12,Guatemala,Sabana ,84,3,21,11,2.39,78,73,145,55,0.38,0.8,51
12,Guatemala,Sabana ,85,3,22,24,0.86,73,74,155,60,0.39,0.6,47
12,Guatemala,Sabana ,86,3,22,13,0.94,75,76,145,50,0.34,0.7,39
12,Guatemala,Sabana ,87,3,22,32,1.12,73,74,145,55,0.38,0.8,40
12,Guatemala,Sabana ,88,3,22,16,0.68,71,72,135,40,0.3,0.4,49
12,Guatemala,Sabana ,89,3,23,3,1.7,68,68,140,40,0.29,1,50
12,Guatemala,Sabana ,90,3,23,10,1.17,74,75,155,60,0.39,0.5,47
12,Guatemala,Sabana ,91,3,23,29,1.3,69,71,155,55,0.35,0.5,45
12,Guatemala,Sabana ,92,3,23,26,1,69,71,140,45,0.32,0.6,52
12,Guatemala,Sabana ,93,3,24,5,0.86,73,73,150,55,0.37,0.8,46
12,Guatemala,Sabana ,94,3,24,22,1.1,70,71,145,50,0.34,0.8,41
12,Guatemala,Sabana ,95,3,24,20,0.94,73,74,140,55,0.39,0.9,42
12,Guatemala,Sabana ,96,3,24,27,1.68,70,72,155,60,0.39,0.8,50
13,Guatemala,Tiucal,1,1,1,30,3.42,64,65,195,90,0.46,1.1,42
13,Guatemala,Tiucal,2,1,1,13,2.52,65,65,165,70,0.42,1.2,37
13,Guatemala,Tiucal,3,1,1,15,4.22,64,65,165,80,0.48,1.4,38
13,Guatemala,Tiucal,4,1,1,29,3.03,64,65,170,80,0.47,1.2,32
13,Guatemala,Tiucal,5,1,2,17,2.28,64,65,155,65,0.42,1.1,29
13,Guatemala,Tiucal,6,1,2,12,2.03,65,66,165,75,0.45,1.4,27
13,Guatemala,Tiucal,7,1,2,27,3.16,64,65,175,65,0.37,1.3,38
13,Guatemala,Tiucal,8,1,2,22,3.14,63,65,185,70,0.38,1.2,39
13,Guatemala,Tiucal,9,1,3,3,3.42,65,66,200,75,0.38,1.5,37
13,Guatemala,Tiucal,10,1,3,10,3.14,66,65,185,75,0.41,1,36
13,Guatemala,Tiucal,11,1,3,18,3.47,63,65,180,65,0.36,0.8,46
13,Guatemala,Tiucal,12,1,3,24,2.64,65,66,175,70,0.4,1.2,35
13,Guatemala,Tiucal,13,1,4,31,1.96,65,66,180,95,0.53,1.5,36
13,Guatemala,Tiucal,14,1,4,2,1.87,64,65,175,75,0.43,0.8,47
13,Guatemala,Tiucal,15,1,4,23,1.78,65,66,150,65,0.43,1.3,39
13,Guatemala,Tiucal,16,1,4,11,1.76,64,65,180,85,0.47,1.1,39
13,Guatemala,Tiucal,17,1,5,26,1.75,65,66,150,60,0.4,0.8,47
13,Guatemala,Tiucal,18,1,5,32,1.8,65,66,150,70,0.47,0.8,29
13,Guatemala,Tiucal,19,1,5,21,0.64,65,65,165,75,0.45,0.8,38
13,Guatemala,Tiucal,20,1,5,14,1.3,65,66,145,60,0.41,1.2,39
13,Guatemala,Tiucal,21,1,6,20,1.8,65,66,185,85,0.46,0.8,42
13,Guatemala,Tiucal,22,1,6,8,1.05,65,66,160,65,0.41,0.5,31
13,Guatemala,Tiucal,23,1,6,19,0.83,65,66,130,45,0.35,0.8,38
13,Guatemala,Tiucal,24,1,6,6,1.8,64,65,170,65,0.38,1.4,42
13,Guatemala,Tiucal,25,1,7,16,0.92,65,68,140,60,0.43,1.4,34
13,Guatemala,Tiucal,26,1,7,1,2.67,64,65,175,85,0.49,0.8,49
13,Guatemala,Tiucal,27,1,7,25,2.55,65,66,160,90,0.56,1,47
13,Guatemala,Tiucal,28,1,7,7,1.78,64,66,160,50,0.31,1.4,44
13,Guatemala,Tiucal,29,1,8,5,2.03,64,65,170,85,0.5,0.8,47
13,Guatemala,Tiucal,30,1,8,9,2.67,65,65,180,70,0.39,1.3,41
13,Guatemala,Tiucal,31,1,8,28,3.56,64,69,170,75,0.44,1.4,44
13,Guatemala,Tiucal,32,1,8,4,3.6,64,65,170,75,0.44,1.4,42
13,Guatemala,Tiucal,33,2,9,4,3.6,64,66,180,80,0.44,1.3,47
13,Guatemala,Tiucal,34,2,9,7,2.23,64,65,175,75,0.43,1.4,41
13,Guatemala,Tiucal,35,2,9,14,3.04,65,65,160,60,0.38,1.1,39
13,Guatemala,Tiucal,36,2,9,30,3.78,64,66,180,100,0.56,1.5,33
13,Guatemala,Tiucal,37,2,10,32,3.87,65,66,200,95,0.48,1,36
13,Guatemala,Tiucal,38,2,10,5,2.58,65,66,200,105,0.53,1.3,48
13,Guatemala,Tiucal,39,2,10,20,3.87,65,65,185,90,0.49,1.3,42
13,Guatemala,Tiucal,40,2,10,3,3.87,64,65,195,95,0.49,1.5,40
13,Guatemala,Tiucal,41,2,11,12,1.94,65,66,140,70,0.5,1,41
13,Guatemala,Tiucal,42,2,11,25,0.97,64,66,155,70,0.45,0.8,31
13,Guatemala,Tiucal,43,2,11,23,0.98,65,66,145,55,0.38,1.2,30
13,Guatemala,Tiucal,44,2,11,9,0.98,65,66,140,50,0.36,0.6,36
13,Guatemala,Tiucal,45,2,12,1,2.68,65,66,150,65,0.43,1.3,44
13,Guatemala,Tiucal,46,2,12,24,2.64,64,66,170,65,0.38,1,36
13,Guatemala,Tiucal,47,2,12,11,2.73,64,65,180,80,0.44,0.7,58
13,Guatemala,Tiucal,48,2,12,19,1.66,65,66,150,55,0.37,1,45
13,Guatemala,Tiucal,49,2,13,29,1.51,65,66,165,60,0.36,1.7,17
13,Guatemala,Tiucal,50,2,13,10,2.4,64,66,165,65,0.39,0.8,48
13,Guatemala,Tiucal,51,2,13,2,2.43,64,68,150,55,0.37,1.3,44
13,Guatemala,Tiucal,52,2,13,28,4.01,64,65,175,60,0.34,1.4,46
13,Guatemala,Tiucal,53,2,14,6,3.87,64,65,170,65,0.38,1.2,51
13,Guatemala,Tiucal,54,2,14,27,2.99,64,65,185,90,0.49,1.2,47
13,Guatemala,Tiucal,55,2,14,21,1.82,65,66,165,80,0.48,1.2,46
13,Guatemala,Tiucal,56,2,14,31,2.23,65,66,170,85,0.5,1,54
13,Guatemala,Tiucal,57,2,15,22,2.12,64,65,175,75,0.43,1.1,43
13,Guatemala,Tiucal,58,2,15,8,1.76,64,65,180,75,0.42,1.3,39
13,Guatemala,Tiucal,59,2,15,13,1.08,64,66,155,75,0.48,0.5,43
13,Guatemala,Tiucal,60,2,15,16,1.75,65,65,145,65,0.45,0.8,45
13,Guatemala,Tiucal,61,2,16,26,3.32,64,66,180,80,0.44,1.1,49
13,Guatemala,Tiucal,62,2,16,15,4.13,65,66,175,90,0.51,1.3,43
13,Guatemala,Tiucal,63,2,16,17,2.65,64,66,165,85,0.52,0.9,50
13,Guatemala,Tiucal,64,2,16,18,4.17,64,65,175,85,0.49,1.1,47
13,Guatemala,Tiucal,65,3,17,3,4.33,64,66,185,80,0.43,1.3,41
13,Guatemala,Tiucal,66,3,17,12,3.69,64,66,185,95,0.51,1.4,43
13,Guatemala,Tiucal,67,3,17,19,2.58,65,66,185,65,0.35,1.1,39
13,Guatemala,Tiucal,68,3,17,7,3.03,64,65,175,80,0.46,1.4,46
13,Guatemala,Tiucal,69,3,18,13,1.71,64,66,175,75,0.43,1.1,39
13,Guatemala,Tiucal,70,3,18,11,2.64,64,66,190,95,0.5,1.4,36
13,Guatemala,Tiucal,71,3,18,10,3.6,65,65,210,100,0.48,1.2,45
13,Guatemala,Tiucal,72,3,18,14,1.74,68,69,145,55,0.38,1,43
13,Guatemala,Tiucal,73,3,19,16,0.92,65,66,180,80,0.44,0.8,39
13,Guatemala,Tiucal,74,3,19,30,1.44,68,69,170,70,0.41,0.9,35
13,Guatemala,Tiucal,75,3,19,20,2.34,65,66,185,100,0.54,1.1,40
13,Guatemala,Tiucal,76,3,19,31,1.42,66,66,135,50,0.37,0.9,48
13,Guatemala,Tiucal,77,3,20,1,2.68,64,65,180,90,0.5,1.4,46
13,Guatemala,Tiucal,78,3,20,2,1.68,64,66,170,75,0.44,0.8,44
13,Guatemala,Tiucal,79,3,20,26,1.11,64,66,170,75,0.44,0.8,44
13,Guatemala,Tiucal,80,3,20,27,2.9,65,66,180,85,0.47,1.2,45
13,Guatemala,Tiucal,81,3,21,4,2.52,64,66,170,70,0.41,1.4,41
13,Guatemala,Tiucal,82,3,21,25,1.23,65,66,150,65,0.43,1,41
13,Guatemala,Tiucal,83,3,21,18,2.86,64,66,170,85,0.5,1.4,47
13,Guatemala,Tiucal,84,3,21,21,2.01,64,66,190,100,0.53,0.8,45
13,Guatemala,Tiucal,85,3,22,5,1.66,64,65,175,80,0.46,1.6,36
13,Guatemala,Tiucal,86,3,22,15,3.16,65,65,180,80,0.44,1.2,44
13,Guatemala,Tiucal,87,3,22,24,3.96,64,65,190,80,0.42,1.5,40
13,Guatemala,Tiucal,88,3,22,22,3.88,64,65,210,105,0.5,1.2,47
13,Guatemala,Tiucal,89,3,23,23,1.78,65,66,160,70,0.44,0.8,46
13,Guatemala,Tiucal,90,3,23,17,3.19,64,65,180,70,0.39,0.9,50
13,Guatemala,Tiucal,91,3,23,28,4.36,64,65,200,85,0.43,1.5,42
13,Guatemala,Tiucal,92,3,23,8,2.55,64,65,185,90,0.49,1.2,49
13,Guatemala,Tiucal,93,3,24,32,3.06,65,65,185,85,0.46,1,43
13,Guatemala,Tiucal,94,3,24,9,3.2,65,65,170,65,0.38,1,48
13,Guatemala,Tiucal,95,3,24,6,3.24,64,65,190,70,0.37,1.4,39
13,Guatemala,Tiucal,96,3,24,29,3.38,64,65,160,75,0.47,1.6,37
24,Honduras,Yoro,1,1,1,32,2.3,58,58,182,103,0.57,1,42
24,Honduras,Yoro,2,1,1,20,2.49,60,58,175,78,0.45,1,49
24,Honduras,Yoro,3,1,1,24,2.15,57,64,164,74,0.45,0.9,48
24,Honduras,Yoro,4,1,1,29,1.7,61,61,174,77.6,0.45,1,46
24,Honduras,Yoro,5,1,2,1,3.23,61,63,114,69.6,0.61,1,53
24,Honduras,Yoro,6,1,2,26,3.46,60,60,194,83,0.43,1,51
24,Honduras,Yoro,7,1,2,7,2.77,59,58,197,94,0.48,0.9,53
24,Honduras,Yoro,8,1,2,21,2.29,62,61,202.5,95.6,0.47,0.9,50
24,Honduras,Yoro,9,1,3,10,3.42,57,58,215,108.8,0.51,1,45
24,Honduras,Yoro,10,1,3,18,5.01,61,63,235,113,0.48,1,49
24,Honduras,Yoro,11,1,3,27,4.1,61,64,222,115,0.52,1,50
24,Honduras,Yoro,12,1,3,12,2.96,60,60,206,99,0.48,1,44
24,Honduras,Yoro,13,1,4,4,3.8,58,59,218,119,0.55,1,47
24,Honduras,Yoro,14,1,4,17,5.43,64,64,247,131,0.53,1,48
24,Honduras,Yoro,15,1,4,19,3.15,62,62,217,90,0.41,0.9,48
24,Honduras,Yoro,16,1,4,3,4.47,62,64,241,108,0.45,1,49
24,Honduras,Yoro,17,1,5,11,7.15,62,60,254,118.3,0.47,1,47
24,Honduras,Yoro,18,1,5,13,4.12,63,63,245,121.9,0.5,1,44
24,Honduras,Yoro,19,1,5,9,3.92,65,63,239.5,110,0.46,1,44
24,Honduras,Yoro,20,1,5,22,5.15,65,65,267,140.5,0.53,1,47
24,Honduras,Yoro,21,1,6,28,4.68,66,66,248,136,0.55,1,46
24,Honduras,Yoro,22,1,6,6,4.19,56,59,253.5,123.9,0.49,1,45
24,Honduras,Yoro,23,1,6,14,2.69,56,55,220.5,101.7,0.46,1,46
24,Honduras,Yoro,24,1,6,23,4.21,64,65,215,95,0.44,1,50
24,Honduras,Yoro,25,1,7,25,3.65,63,64,240.5,122,0.51,1,47
24,Honduras,Yoro,26,1,7,2,4.28,56,57,244,118,0.48,1.1,46
24,Honduras,Yoro,27,1,7,15,4.04,63,63,246,124,0.5,1,54
24,Honduras,Yoro,28,1,7,8,4.41,59,60,276,145.6,0.53,1,50
24,Honduras,Yoro,29,1,8,5,4.44,58,59,258.5,133,0.51,1,50
24,Honduras,Yoro,30,1,8,31,3.29,65,62,254,155,0.61,1,46
24,Honduras,Yoro,31,1,8,30,2.29,64,62,224,115,0.51,1,30
24,Honduras,Yoro,32,1,8,16,4.79,64,62,241,151,0.63,0.9,52
24,Honduras,Yoro,33,2,9,12,3.37,62,62,234,127,0.54,0.9,51
24,Honduras,Yoro,34,2,9,5,4.22,58,58,257,135.5,0.53,1,51
24,Honduras,Yoro,35,2,9,4,3.49,57,59,257.2,124,0.48,1,53
24,Honduras,Yoro,36,2,9,21,3.19,58,61,256.5,134,0.52,1,46
24,Honduras,Yoro,37,2,10,29,3.5,58,58,251,129.2,0.51,1,45
24,Honduras,Yoro,38,2,10,8,4.39,58,61,255.5,140.3,0.55,1,50
24,Honduras,Yoro,39,2,10,3,4.82,58,58,262.5,132,0.5,1,50
24,Honduras,Yoro,40,2,10,31,2.93,65,64,259,154.6,0.6,0.9,47
24,Honduras,Yoro,41,2,11,14,2.25,62,64,214.5,99,0.46,1,46
24,Honduras,Yoro,42,2,11,18,5.98,61,62,255.8,126,0.49,1,47
24,Honduras,Yoro,43,2,11,30,2.4,57,54,234,112.5,0.48,0.7,49
24,Honduras,Yoro,44,2,11,22,5.45,62,60,259,132.5,0.51,1,46
24,Honduras,Yoro,45,2,12,10,3.84,58,58,256.5,128,0.5,1,48
24,Honduras,Yoro,46,2,12,7,3.4,58,58,246.6,123.4,0.5,0.9,49
24,Honduras,Yoro,47,2,12,6,3.74,57,58,266.6,131.2,0.49,1,46
24,Honduras,Yoro,48,2,12,25,3.28,62,65,244.3,122.8,0.5,1,43
24,Honduras,Yoro,49,2,13,23,3.31,58,58,197,88.5,0.45,0.9,46
24,Honduras,Yoro,50,2,13,20,3.94,59,59,222.7,116.4,0.52,1,49
24,Honduras,Yoro,51,2,13,16,2.99,58,61,223,101,0.45,1,46
24,Honduras,Yoro,52,2,13,1,4.31,59,62,232.5,119.5,0.51,1,49
24,Honduras,Yoro,53,2,14,15,3.24,61,61,235.5,115.2,0.49,1,48
24,Honduras,Yoro,54,2,14,19,2.48,64,64,182,70.8,0.39,1,44
24,Honduras,Yoro,55,2,14,26,3.32,61,62,213.8,99,0.46,1,47
24,Honduras,Yoro,56,2,14,9,3.17,58,55,216.5,92.9,0.43,1,48
24,Honduras,Yoro,57,2,15,11,3.84,62,61,205,99.5,0.49,1,48
24,Honduras,Yoro,58,2,15,27,3.55,64,68,217,104,0.48,1,49
24,Honduras,Yoro,59,2,15,2,2.78,64,69,195,85,0.44,1,45
24,Honduras,Yoro,60,2,15,24,2.87,56,65,192,96,0.5,1,51
24,Honduras,Yoro,61,2,16,17,3.57,58,58,208.6,88.5,0.42,1,48
24,Honduras,Yoro,62,2,16,28,3.21,65,65,218,98,0.45,1,47
24,Honduras,Yoro,63,2,16,32,2.29,58,58,207,109.5,0.53,1,41
24,Honduras,Yoro,64,2,16,13,2.29,65,68,194,81,0.42,1,46
24,Honduras,Yoro,65,3,17,14,1.96,66,67,165.5,61.5,0.37,1,49
24,Honduras,Yoro,66,3,17,8,3.54,56,55,215,103.3,0.48,1,48
24,Honduras,Yoro,67,3,17,13,3.4,60,58,210,88.5,0.42,1,48
24,Honduras,Yoro,68,3,17,4,3.2,58,58,211,108.1,0.51,1,49
24,Honduras,Yoro,69,3,18,32,2.63,58,59,217.2,116.7,0.54,1,44
24,Honduras,Yoro,70,3,18,26,4.44,59,58,200,96.6,0.48,1,52
24,Honduras,Yoro,71,3,18,23,3.1,59,59,185,80.9,0.44,1,52
24,Honduras,Yoro,72,3,18,12,2.86,58,58,198.5,93.8,0.47,0.9,52
24,Honduras,Yoro,73,3,19,16,3.1,59,59,200.6,94.5,0.47,1,48
24,Honduras,Yoro,74,3,19,25,2.5,67,69,200.7,87.5,0.44,1,48
24,Honduras,Yoro,75,3,19,9,3.39,64,67,193.2,78.9,0.41,1,48
24,Honduras,Yoro,76,3,19,29,2.88,64,64,196,93.5,0.48,1,46
24,Honduras,Yoro,77,3,20,7,2.68,59,59,186.5,78.2,0.42,1,46
24,Honduras,Yoro,78,3,20,15,3.01,64,64,215,84.5,0.39,1,45
24,Honduras,Yoro,79,3,20,30,2.05,60,60,208.5,76.5,0.37,0.9,42
24,Honduras,Yoro,80,3,20,28,3.86,64,67,217,108.5,0.5,1,51
24,Honduras,Yoro,81,3,21,18,4.52,60,64,210.3,117.5,0.56,0.9,47
24,Honduras,Yoro,82,3,21,11,5.35,62,59,226.5,110,0.49,1,50
24,Honduras,Yoro,83,3,21,31,2.37,63,62,207.5,113.5,0.55,1,43
24,Honduras,Yoro,84,3,21,1,3.01,63,63,188,75.5,0.4,1,50
24,Honduras,Yoro,85,3,22,24,3.07,59,63,216,101,0.47,1,49
24,Honduras,Yoro,86,3,22,21,2.77,66,62,234.5,116,0.49,1,37
24,Honduras,Yoro,87,3,22,19,2.95,59,59,211,89.5,0.42,0.9,49
24,Honduras,Yoro,88,3,22,22,5.54,66,66,252.5,130.5,0.52,1,48
24,Honduras,Yoro,89,3,23,27,5.34,58,60,256.5,139.5,0.54,1,48
24,Honduras,Yoro,90,3,23,6,4.53,66,66,261.7,132.8,0.51,1,51
24,Honduras,Yoro,91,3,23,3,3.84,66,69,242,137,0.57,1,50
24,Honduras,Yoro,92,3,23,5,3.36,68,68,236,120.3,0.51,1,45
24,Honduras,Yoro,93,3,24,17,4.84,69,69,212,97.2,0.46,1,45
24,Honduras,Yoro,94,3,24,20,4.12,60,57,240.4,116.7,0.49,1,51
24,Honduras,Yoro,95,3,24,10,3.77,56,58,234.5,116.1,0.5,1,52
24,Honduras,Yoro,96,3,24,2,3.93,59,59,225.5,114.1,0.51,1,52
25,Nicaragua,Managua,1,1,1,3,4.6,54,55,205,110,0.54,1.5,41
25,Nicaragua,Managua,2,1,1,10,5.05,55,56,215,110,0.51,1.1,36
25,Nicaragua,Managua,3,1,1,13,4.24,54,56,195,95,0.49,1.1,39
25,Nicaragua,Managua,4,1,1,23,4.08,56,57,204,100,0.49,0.8,42
25,Nicaragua,Managua,5,1,2,30,4.78,54,55,230,130,0.57,1.3,33
25,Nicaragua,Managua,6,1,2,18,4.38,54,54,210,100,0.48,1.2,39
25,Nicaragua,Managua,7,1,2,19,4.08,55,56,170,75,0.44,1,38
25,Nicaragua,Managua,8,1,2,27,5.47,52,53,204,105,0.51,1.4,42
25,Nicaragua,Managua,9,1,3,5,4.08,52,52,210,115,0.55,1.1,38
25,Nicaragua,Managua,10,1,3,6,4.98,52,53,230,115,0.5,1.2,40
25,Nicaragua,Managua,11,1,3,29,3.65,53,54,205,100,0.49,1.3,39
25,Nicaragua,Managua,12,1,3,22,4.39,53,54,231,135,0.58,1.1,41
25,Nicaragua,Managua,13,1,4,2,3.17,51,52,220,115,0.52,1.2,42
25,Nicaragua,Managua,14,1,4,14,4.56,54,56,195,90,0.46,1,42
25,Nicaragua,Managua,15,1,4,8,4.39,51,52,210,115,0.55,1,46
25,Nicaragua,Managua,16,1,4,1,4.07,52,53,235,135,0.57,1.2,40
25,Nicaragua,Managua,17,1,5,11,5.12,52,54,205,115,0.56,1.2,45
25,Nicaragua,Managua,18,1,5,28,4.84,54,55,231,131,0.57,1.1,44
25,Nicaragua,Managua,19,1,5,26,3.91,52,54,210,110,0.52,1.1,38
25,Nicaragua,Managua,20,1,5,15,4.2,54,54,220,110,0.5,1.1,40
25,Nicaragua,Managua,21,1,6,16,3.09,53,54,220,120,0.55,1,41
25,Nicaragua,Managua,22,1,6,4,5.11,51,52,240,130,0.54,1.4,39
25,Nicaragua,Managua,23,1,6,12,4.89,55,56,225,125,0.56,1.2,40
25,Nicaragua,Managua,24,1,6,17,3.85,51,52,236,120,0.51,1.1,35
25,Nicaragua,Managua,25,1,7,31,5.06,52,53,220,140,0.64,1.1,39
25,Nicaragua,Managua,26,1,7,24,5.25,54,54,220,115,0.52,1,39
25,Nicaragua,Managua,27,1,7,32,3.98,55,56,225,125,0.56,1.2,25
25,Nicaragua,Managua,28,1,7,20,5.54,54,54,227,120,0.53,1,41
25,Nicaragua,Managua,29,1,8,25,4.29,53,54,210,125,0.6,1.1,42
25,Nicaragua,Managua,30,1,8,7,4.07,51,52,233,125,0.54,1.2,37
25,Nicaragua,Managua,31,1,8,9,5.83,53,55,215,110,0.51,0.9,43
25,Nicaragua,Managua,32,1,8,21,3.96,54,55,236,130,0.55,1.3,38
25,Nicaragua,Managua,33,2,9,20,5.59,54,54,245,140,0.57,1.1,38
25,Nicaragua,Managua,34,2,9,22,3.62,54,55,243,130,0.53,1.2,25
25,Nicaragua,Managua,35,2,9,18,4.92,53,54,240,120,0.5,1.3,37
25,Nicaragua,Managua,36,2,9,11,5.81,53,54,235,120,0.51,1.2,42
25,Nicaragua,Managua,37,2,10,15,4.68,54,54,236,115,0.49,1.1,39
25,Nicaragua,Managua,38,2,10,13,4.87,53,54,220,130,0.59,1,41
25,Nicaragua,Managua,39,2,10,12,5.11,55,56,231,125,0.54,1.1,39
25,Nicaragua,Managua,40,2,10,6,6.27,51,52,240,130,0.54,1.2,41
25,Nicaragua,Managua,41,2,11,29,4.51,52,52,217,120,0.55,1.1,39
25,Nicaragua,Managua,42,2,11,9,4.5,53,54,230,125,0.54,1,34
25,Nicaragua,Managua,43,2,11,1,4.34,51,53,210,110,0.52,1.5,40
25,Nicaragua,Managua,44,2,11,27,5.56,52,54,230,125,0.54,1.3,36
25,Nicaragua,Managua,45,2,12,19,4.08,54,55,186,85,0.46,1,40
25,Nicaragua,Managua,46,2,12,23,4.1,57,58,185,90,0.49,0.8,39
25,Nicaragua,Managua,47,2,12,14,4.12,56,58,190,85,0.45,0.9,38
25,Nicaragua,Managua,48,2,12,28,5.18,54,55,230,130,0.57,1,38
25,Nicaragua,Managua,49,2,13,21,3.11,55,56,225,125,0.56,1.1,40
25,Nicaragua,Managua,50,2,13,4,5.4,52,53,225,125,0.56,1.3,42
25,Nicaragua,Managua,51,2,13,26,4.88,51,52,206,115,0.56,1.1,38
25,Nicaragua,Managua,52,2,13,2,5.01,51,52,205,105,0.51,1.1,37
25,Nicaragua,Managua,53,2,14,10,5.71,54,56,231,115,0.5,1,39
25,Nicaragua,Managua,54,2,14,5,3.47,52,53,195,95,0.49,1.1,40
25,Nicaragua,Managua,55,2,14,32,3.82,55,56,200,105,0.53,1,34
25,Nicaragua,Managua,56,2,14,7,4.1,51,52,200,115,0.58,1.4,44
25,Nicaragua,Managua,57,2,15,16,3.77,54,55,226,105,0.46,1.5,36
25,Nicaragua,Managua,58,2,15,24,3.91,54,55,195,110,0.56,1.1,40
25,Nicaragua,Managua,59,2,15,3,3.8,52,53,227,130,0.57,1.3,38
25,Nicaragua,Managua,60,2,15,8,4.22,52,53,220,125,0.57,1.5,41
25,Nicaragua,Managua,61,2,16,25,3.51,55,57,200,115,0.58,1.1,38
25,Nicaragua,Managua,62,2,16,17,4.44,52,53,210,105,0.5,1.2,38
25,Nicaragua,Managua,63,2,16,30,3.83,54,54,215,105,0.49,1.1,38
25,Nicaragua,Managua,64,2,16,31,4.61,54,54,200,105,0.53,1.1,40
25,Nicaragua,Managua,65,3,17,16,4.14,55,56,190,95,0.5,1.1,39
25,Nicaragua,Managua,66,3,17,19,4.05,56,58,175,80,0.46,1,38
25,Nicaragua,Managua,67,3,17,29,3.07,54,54,226,105,0.46,1.2,31
25,Nicaragua,Managua,68,3,17,31,3.08,54,55,220,115,0.52,1.1,36
25,Nicaragua,Managua,69,3,18,20,4.26,55,56,221,120,0.54,1,41
25,Nicaragua,Managua,70,3,18,9,4.41,54,55,205,100,0.49,1.1,35
25,Nicaragua,Managua,71,3,18,6,4.26,51,53,195,105,0.54,1.2,37
25,Nicaragua,Managua,72,3,18,2,4.56,51,52,220,115,0.52,1.4,38
25,Nicaragua,Managua,73,3,19,17,4.82,51,52,206,100,0.49,1.1,39
25,Nicaragua,Managua,74,3,19,8,3.77,51,53,220,120,0.55,1.6,39
25,Nicaragua,Managua,75,3,19,22,4.27,54,55,206,105,0.51,1.2,36
25,Nicaragua,Managua,76,3,19,15,3.95,54,55,215,100,0.47,1,44
25,Nicaragua,Managua,77,3,20,5,4.07,51,53,196,85,0.43,1.4,40
25,Nicaragua,Managua,78,3,20,30,4.09,55,55,200,115,0.58,1.3,36
25,Nicaragua,Managua,79,3,20,13,4.73,52,54,205,110,0.54,1.1,42
25,Nicaragua,Managua,80,3,20,21,3.25,54,55,200,125,0.63,1.2,38
25,Nicaragua,Managua,81,3,21,18,4.56,52,53,240,125,0.52,1.4,40
25,Nicaragua,Managua,82,3,21,28,3.9,54,54,215,120,0.56,1.1,37
25,Nicaragua,Managua,83,3,21,7,3.56,51,52,210,95,0.45,1.4,39
25,Nicaragua,Managua,84,3,21,24,4.3,54,55,205,115,0.56,1.2,40
25,Nicaragua,Managua,85,3,22,4,5.61,52,53,225,135,0.6,1.5,32
25,Nicaragua,Managua,86,3,22,11,4.08,53,54,230,120,0.52,1.1,40
25,Nicaragua,Managua,87,3,22,25,3.12,53,54,227,115,0.51,1.2,36
25,Nicaragua,Managua,88,3,22,23,3.11,54,55,195,90,0.46,0.9,40
25,Nicaragua,Managua,89,3,23,27,5.41,51,52,220,105,0.48,1.2,42
25,Nicaragua,Managua,90,3,23,14,3.34,54,56,185,90,0.49,1.1,39
25,Nicaragua,Managua,91,3,23,12,5.4,54,55,216,125,0.58,1.4,37
25,Nicaragua,Managua,92,3,23,10,6.55,54,55,235,130,0.55,1.1,40
25,Nicaragua,Managua,93,3,24,1,4.97,52,53,226,115,0.51,1.5,37
25,Nicaragua,Managua,94,3,24,3,4.89,51,52,210,115,0.55,1.3,38
25,Nicaragua,Managua,95,3,24,26,5.65,51,52,247,135,0.55,1.1,42
25,Nicaragua,Managua,96,3,24,32,4.78,54,54,225,130,0.58,1.1,39
31,Venezuela,Toco,1,1,1,19,3.79,62,62,210,90,0.43,.,52
31,Venezuela,Toco,2,1,1,20,8.46,60,60,240,120,0.5,.,52
31,Venezuela,Toco,3,1,1,14,3.26,62,62,200,100,0.5,.,52
31,Venezuela,Toco,4,1,1,22,8.23,60,60,230,110,0.48,.,52
31,Venezuela,Toco,5,1,2,23,3.55,63,63,210,100,0.48,.,52
31,Venezuela,Toco,6,1,2,5,8.46,58,58,250,130,0.52,.,52
31,Venezuela,Toco,7,1,2,32,7.56,57,57,240,140,0.58,.,52
31,Venezuela,Toco,8,1,2,26,8.55,55,55,230,120,0.52,.,52
31,Venezuela,Toco,9,1,3,15,6.81,59,59,230,130,0.57,.,52
31,Venezuela,Toco,10,1,3,28,8.44,60,60,240,130,0.54,.,52
31,Venezuela,Toco,11,1,3,9,5.92,59,59,230,110,0.48,.,52
31,Venezuela,Toco,12,1,3,16,7.65,59,59,240,130,0.54,.,52
31,Venezuela,Toco,13,1,4,27,8.43,57,57,230,120,0.52,.,52
31,Venezuela,Toco,14,1,4,17,8.35,56,56,240,120,0.5,.,52
31,Venezuela,Toco,15,1,4,1,8.26,56,56,240,120,0.5,.,52
31,Venezuela,Toco,16,1,4,4,7.21,56,56,230,120,0.52,.,52
31,Venezuela,Toco,17,1,5,18,9.13,58,58,250,120,0.48,.,52
31,Venezuela,Toco,18,1,5,21,7.88,60,60,250,130,0.52,.,52
31,Venezuela,Toco,19,1,5,6,8.71,57,57,240,120,0.5,.,52
31,Venezuela,Toco,20,1,5,12,8.51,59,59,240,120,0.5,.,52
31,Venezuela,Toco,21,1,6,7,7.07,55,55,240,120,0.5,.,52
31,Venezuela,Toco,22,1,6,8,9.42,58,58,250,140,0.56,.,52
31,Venezuela,Toco,23,1,6,13,7.56,59,59,240,120,0.5,.,52
31,Venezuela,Toco,24,1,6,25,7.33,60,60,230,120,0.52,.,52
31,Venezuela,Toco,25,1,7,29,6.84,57,57,230,120,0.52,.,52
31,Venezuela,Toco,26,1,7,11,8.68,60,60,240,140,0.58,.,52
31,Venezuela,Toco,27,1,7,31,7.77,60,60,240,140,0.58,.,52
31,Venezuela,Toco,28,1,7,30,6.5,57,57,220,100,0.45,.,52
31,Venezuela,Toco,29,1,8,24,9,59,59,230,120,0.52,.,52
31,Venezuela,Toco,30,1,8,10,8.11,60,60,260,130,0.5,.,52
31,Venezuela,Toco,31,1,8,2,7.76,56,56,230,110,0.48,.,52
31,Venezuela,Toco,32,1,8,3,9.19,60,60,250,140,0.56,.,52
31,Venezuela,Toco,33,2,9,16,7.56,60,60,240,130,0.54,.,52
31,Venezuela,Toco,34,2,9,31,7.14,60,60,250,140,0.56,.,52
31,Venezuela,Toco,35,2,9,4,8.85,57,57,250,150,0.6,.,52
31,Venezuela,Toco,36,2,9,10,7.36,60,60,260,150,0.58,.,52
31,Venezuela,Toco,37,2,10,17,7.39,55,55,250,130,0.52,.,52
31,Venezuela,Toco,38,2,10,32,8.29,57,57,240,140,0.58,.,52
31,Venezuela,Toco,39,2,10,11,8.19,60,60,260,140,0.54,.,48
31,Venezuela,Toco,40,2,10,12,8.33,58,58,240,120,0.5,.,52
31,Venezuela,Toco,41,2,11,24,7.07,58,58,220,120,0.55,.,52
31,Venezuela,Toco,42,2,11,21,6.16,59,59,240,130,0.54,.,52
31,Venezuela,Toco,43,2,11,15,7.58,59,59,220,120,0.55,.,52
31,Venezuela,Toco,44,2,11,13,7.21,57,57,220,120,0.55,.,52
31,Venezuela,Toco,45,2,12,25,6.31,59,59,220,110,0.5,.,52
31,Venezuela,Toco,46,2,12,27,8.88,55,55,230,130,0.57,.,52
31,Venezuela,Toco,47,2,12,26,8.33,55,55,240,120,0.5,.,52
31,Venezuela,Toco,48,2,12,9,6.76,56,56,240,120,0.5,.,52
31,Venezuela,Toco,49,2,13,6,8.98,56,56,250,130,0.52,.,52
31,Venezuela,Toco,50,2,13,1,8.21,56,56,240,130,0.54,.,52
31,Venezuela,Toco,51,2,13,22,9.32,60,60,240,130,0.54,.,52
31,Venezuela,Toco,52,2,13,2,7.81,54,54,230,120,0.52,.,52
31,Venezuela,Toco,53,2,14,5,9.72,56,56,260,140,0.54,.,52
31,Venezuela,Toco,54,2,14,30,5.83,56,56,230,110,0.48,.,46
31,Venezuela,Toco,55,2,14,28,10.01,59,59,250,140,0.56,.,52
31,Venezuela,Toco,56,2,14,19,3.38,62,62,210,100,0.48,.,52
31,Venezuela,Toco,57,2,15,8,8.79,57,57,250,130,0.52,.,52
31,Venezuela,Toco,58,2,15,3,8.88,56,56,240,130,0.54,.,52
31,Venezuela,Toco,59,2,15,14,4.36,62,62,220,100,0.45,.,52
31,Venezuela,Toco,60,2,15,23,8.88,61,61,220,100,0.45,.,52
31,Venezuela,Toco,61,2,16,7,4.37,55,55,230,110,0.48,.,52
31,Venezuela,Toco,62,2,16,18,8.89,58,58,250,120,0.48,.,52
31,Venezuela,Toco,63,2,16,20,4.38,60,60,240,130,0.54,.,52
31,Venezuela,Toco,64,2,16,29,8.9,58,58,230,130,0.57,.,52
31,Venezuela,Toco,65,3,17,8,4.38,58,58,260,140,0.54,.,52
31,Venezuela,Toco,66,3,17,26,8.91,57,57,250,140,0.56,.,52
31,Venezuela,Toco,67,3,17,1,4.39,57,57,240,130,0.54,.,52
31,Venezuela,Toco,68,3,17,31,8.91,58,58,240,130,0.54,.,52
31,Venezuela,Toco,69,3,18,22,4.4,58,58,250,140,0.56,.,52
31,Venezuela,Toco,70,3,18,9,8.92,59,59,240,130,0.54,.,52
31,Venezuela,Toco,71,3,18,13,4.41,57,57,240,140,0.58,.,52
31,Venezuela,Toco,72,3,18,12,8.93,61,61,240,130,0.54,.,52
31,Venezuela,Toco,73,3,19,17,4.42,56,56,240,130,0.54,.,52
31,Venezuela,Toco,74,3,19,28,8.94,60,60,240,140,0.58,.,52
31,Venezuela,Toco,75,3,19,6,4.43,55,55,230,120,0.52,.,52
31,Venezuela,Toco,76,3,19,23,8.95,60,60,210,100,0.48,.,52
31,Venezuela,Toco,77,3,20,19,4.44,61,61,210,90,0.43,.,52
31,Venezuela,Toco,78,3,20,4,8.15,56,56,230,120,0.52,.,52
31,Venezuela,Toco,79,3,20,2,4.44,54,54,230,120,0.52,.,52
31,Venezuela,Toco,80,3,20,7,8.15,54,54,240,130,0.54,.,52
31,Venezuela,Toco,81,3,21,27,4.45,56,56,240,130,0.54,.,52
31,Venezuela,Toco,82,3,21,30,8.15,51,51,220,110,0.5,.,52
31,Venezuela,Toco,83,3,21,20,4.46,59,59,220,130,0.59,.,52
31,Venezuela,Toco,84,3,21,15,8.15,58,58,230,120,0.52,.,52
31,Venezuela,Toco,85,3,22,21,4.47,60,60,240,120,0.5,.,52
31,Venezuela,Toco,86,3,22,5,8.15,55,55,250,130,0.52,.,52
31,Venezuela,Toco,87,3,22,10,4.48,60,60,250,130,0.52,.,52
31,Venezuela,Toco,88,3,22,14,8.15,61,61,210,110,0.52,.,52
31,Venezuela,Toco,89,3,23,24,4.49,58,58,220,110,0.5,.,52
31,Venezuela,Toco,90,3,23,29,8.15,56,56,230,130,0.57,.,52
31,Venezuela,Toco,91,3,23,32,4.5,57,57,230,120,0.52,.,52
31,Venezuela,Toco,92,3,23,16,8.15,59,59,250,140,0.56,.,52
31,Venezuela,Toco,93,3,24,11,4.51,58,58,240,130,0.54,.,52
31,Venezuela,Toco,94,3,24,3,8.15,57,57,240,130,0.54,.,52
31,Venezuela,Toco,95,3,24,18,4.51,58,58,240,130,0.54,.,52
31,Venezuela,Toco,96,3,24,25,8.15,60,60,250,130,0.52,.,52
32,Mexico,Iguala,1,1,1,20,10.93,.,.,.,.,.,.,.
32,Mexico,Iguala,2,1,1,24,10.37,.,.,.,.,.,.,.
32,Mexico,Iguala,3,1,1,22,11.86,.,.,.,.,.,.,.
32,Mexico,Iguala,4,1,1,4,11.46,.,.,.,.,.,.,.
32,Mexico,Iguala,5,1,2,15,10.6,.,.,.,.,.,.,.
32,Mexico,Iguala,6,1,2,7,10.29,.,.,.,.,.,.,.
32,Mexico,Iguala,7,1,2,21,7.55,.,.,.,.,.,.,.
32,Mexico,Iguala,8,1,2,31,12.15,.,.,.,.,.,.,.
32,Mexico,Iguala,9,1,3,17,8.59,.,.,.,.,.,.,.
32,Mexico,Iguala,10,1,3,18,7.11,.,.,.,.,.,.,.
32,Mexico,Iguala,11,1,3,32,7.46,.,.,.,.,.,.,.
32,Mexico,Iguala,12,1,3,14,7.33,.,.,.,.,.,.,.
32,Mexico,Iguala,13,1,4,29,9.07,.,.,.,.,.,.,.
32,Mexico,Iguala,14,1,4,13,12.94,.,.,.,.,.,.,.
32,Mexico,Iguala,15,1,4,26,10.65,.,.,.,.,.,.,.
32,Mexico,Iguala,16,1,4,1,10.65,.,.,.,.,.,.,.
32,Mexico,Iguala,17,1,5,3,10.48,.,.,.,.,.,.,.
32,Mexico,Iguala,18,1,5,28,10.7,.,.,.,.,.,.,.
32,Mexico,Iguala,19,1,5,19,7.38,.,.,.,.,.,.,.
32,Mexico,Iguala,20,1,5,30,10.81,.,.,.,.,.,.,.
32,Mexico,Iguala,21,1,6,5,11.1,.,.,.,.,.,.,.
32,Mexico,Iguala,22,1,6,16,8.41,.,.,.,.,.,.,.
32,Mexico,Iguala,23,1,6,27,9.05,.,.,.,.,.,.,.
32,Mexico,Iguala,24,1,6,9,8.96,.,.,.,.,.,.,.
32,Mexico,Iguala,25,1,7,10,11.8,.,.,.,.,.,.,.
32,Mexico,Iguala,26,1,7,8,13.11,.,.,.,.,.,.,.
32,Mexico,Iguala,27,1,7,23,8.84,.,.,.,.,.,.,.
32,Mexico,Iguala,28,1,7,25,9.87,.,.,.,.,.,.,.
32,Mexico,Iguala,29,1,8,6,10.4,.,.,.,.,.,.,.
32,Mexico,Iguala,30,1,8,2,11.21,.,.,.,.,.,.,.
32,Mexico,Iguala,31,1,8,12,9.54,.,.,.,.,.,.,.
32,Mexico,Iguala,32,1,8,11,8.97,.,.,.,.,.,.,.
32,Mexico,Iguala,33,2,9,27,10.65,.,.,.,.,.,.,.
32,Mexico,Iguala,34,2,9,13,10.72,.,.,.,.,.,.,.
32,Mexico,Iguala,35,2,9,4,9.02,.,.,.,.,.,.,.
32,Mexico,Iguala,36,2,9,11,10.08,.,.,.,.,.,.,.
32,Mexico,Iguala,37,2,10,30,7.97,.,.,.,.,.,.,.
32,Mexico,Iguala,38,2,10,21,8.26,.,.,.,.,.,.,.
32,Mexico,Iguala,39,2,10,9,8.32,.,.,.,.,.,.,.
32,Mexico,Iguala,40,2,10,17,8.34,.,.,.,.,.,.,.
32,Mexico,Iguala,41,2,11,28,8.59,.,.,.,.,.,.,.
32,Mexico,Iguala,42,2,11,6,10.1,.,.,.,.,.,.,.
32,Mexico,Iguala,43,2,11,29,7.17,.,.,.,.,.,.,.
32,Mexico,Iguala,44,2,11,15,6.78,.,.,.,.,.,.,.
32,Mexico,Iguala,45,2,12,16,6.68,.,.,.,.,.,.,.
32,Mexico,Iguala,46,2,12,7,10.29,.,.,.,.,.,.,.
32,Mexico,Iguala,47,2,12,20,6.98,.,.,.,.,.,.,.
32,Mexico,Iguala,48,2,12,23,3.11,.,.,.,.,.,.,.
32,Mexico,Iguala,49,2,13,12,6.38,.,.,.,.,.,.,.
32,Mexico,Iguala,50,2,13,8,7.6,.,.,.,.,.,.,.
32,Mexico,Iguala,51,2,13,19,3.65,.,.,.,.,.,.,.
32,Mexico,Iguala,52,2,13,5,7.91,.,.,.,.,.,.,.
32,Mexico,Iguala,53,2,14,24,7.74,.,.,.,.,.,.,.
32,Mexico,Iguala,54,2,14,1,7.15,.,.,.,.,.,.,.
32,Mexico,Iguala,55,2,14,3,9.86,.,.,.,.,.,.,.
32,Mexico,Iguala,56,2,14,32,7.86,.,.,.,.,.,.,.
32,Mexico,Iguala,57,2,15,22,5.52,.,.,.,.,.,.,.
32,Mexico,Iguala,58,2,15,25,4.36,.,.,.,.,.,.,.
32,Mexico,Iguala,59,2,15,18,6.59,.,.,.,.,.,.,.
32,Mexico,Iguala,60,2,15,2,7.44,.,.,.,.,.,.,.
32,Mexico,Iguala,61,2,16,26,9.54,.,.,.,.,.,.,.
32,Mexico,Iguala,62,2,16,10,7.2,.,.,.,.,.,.,.
32,Mexico,Iguala,63,2,16,31,10.27,.,.,.,.,.,.,.
32,Mexico,Iguala,64,2,16,14,5.74,.,.,.,.,.,.,.
32,Mexico,Iguala,65,3,17,28,8.56,.,.,.,.,.,.,.
32,Mexico,Iguala,66,3,17,12,8.4,.,.,.,.,.,.,.
32,Mexico,Iguala,67,3,17,20,10.23,.,.,.,.,.,.,.
32,Mexico,Iguala,68,3,17,10,11.6,.,.,.,.,.,.,.
32,Mexico,Iguala,69,3,18,18,10.37,.,.,.,.,.,.,.
32,Mexico,Iguala,70,3,18,30,9.39,.,.,.,.,.,.,.
32,Mexico,Iguala,71,3,18,5,12.88,.,.,.,.,.,.,.
32,Mexico,Iguala,72,3,18,26,12.56,.,.,.,.,.,.,.
32,Mexico,Iguala,73,3,19,2,11.29,.,.,.,.,.,.,.
32,Mexico,Iguala,74,3,19,24,9.73,.,.,.,.,.,.,.
32,Mexico,Iguala,75,3,19,21,8.89,.,.,.,.,.,.,.
32,Mexico,Iguala,76,3,19,16,8.55,.,.,.,.,.,.,.
32,Mexico,Iguala,77,3,20,22,10.77,.,.,.,.,.,.,.
32,Mexico,Iguala,78,3,20,19,5.17,.,.,.,.,.,.,.
32,Mexico,Iguala,79,3,20,15,8.13,.,.,.,.,.,.,.
32,Mexico,Iguala,80,3,20,32,10.39,.,.,.,.,.,.,.
32,Mexico,Iguala,81,3,21,23,5.8,.,.,.,.,.,.,.
32,Mexico,Iguala,82,3,21,31,10.64,.,.,.,.,.,.,.
32,Mexico,Iguala,83,3,21,13,8.94,.,.,.,.,.,.,.
32,Mexico,Iguala,84,3,21,3,9.3,.,.,.,.,.,.,.
32,Mexico,Iguala,85,3,22,25,6.7,.,.,.,.,.,.,.
32,Mexico,Iguala,86,3,22,27,8.12,.,.,.,.,.,.,.
32,Mexico,Iguala,87,3,22,6,8.01,.,.,.,.,.,.,.
32,Mexico,Iguala,88,3,22,14,4.62,.,.,.,.,.,.,.
32,Mexico,Iguala,89,3,23,8,9.51,.,.,.,.,.,.,.
32,Mexico,Iguala,90,3,23,4,7.9,.,.,.,.,.,.,.
32,Mexico,Iguala,91,3,23,1,9.19,.,.,.,.,.,.,.
32,Mexico,Iguala,92,3,23,9,8.74,.,.,.,.,.,.,.
32,Mexico,Iguala,93,3,24,11,11.21,.,.,.,.,.,.,.
32,Mexico,Iguala,94,3,24,17,11.92,.,.,.,.,.,.,.
32,Mexico,Iguala,95,3,24,7,11.12,.,.,.,.,.,.,.
32,Mexico,Iguala,96,3,24,29,7.99,.,.,.,.,.,.,.
